{
  "specEngine": {
    "moduleID": "specEngine",
    "status": "active",
    "description": "specEngine fully initialized for Thee Cigar Maestro production schema.",
    "complianceReady": true,
    "integrationStatus": "ready",
    "lastUpdated": "2025-07-03T22:00:00Z",
    "coreFunctions": [
      "specEngine.initialize",
      "specEngine.sync",
      "specEngine.renderUI"
    ],
    "linkedSystems": [
      "specEngine",
      "gptTriggerMatrix",
      "voiceCommandMatrix"
    ]
  },
  "trustedCigarManufacturers": [
    {
      "privacyCompliant": true,
      "countryOfOrigin": "Nicaragua",
      "knownFlagshipLines": [
        "El G\u00fceg\u00fcense",
        "The Wise Man Maduro"
      ],
      "name": "Foundation Cigar Company",
      "reputationTier": "Boutique",
      "trustStatus": "Verified",
      "yearEstablished": 2015
    },
    {
      "privacyCompliant": true,
      "countryOfOrigin": "Nicaragua",
      "knownFlagshipLines": [
        "La Hacienda",
        "Serie Gran Reserva 1988"
      ],
      "name": "Warped Cigars",
      "reputationTier": "Boutique",
      "trustStatus": "Verified",
      "yearEstablished": 2008
    },
    {
      "privacyCompliant": true,
      "countryOfOrigin": "Dominican Republic",
      "knownFlagshipLines": [
        "Four Kicks",
        "Jericho Hill"
      ],
      "name": "Crowned Heads",
      "reputationTier": "Boutique",
      "trustStatus": "Verified",
      "yearEstablished": 2011
    },
    {
      "privacyCompliant": true,
      "countryOfOrigin": "Honduras",
      "knownFlagshipLines": [
        "Aladino",
        "Aladino Corojo Reserva"
      ],
      "name": "JRE Tobacco Co.",
      "reputationTier": "Boutique",
      "trustStatus": "Verified",
      "yearEstablished": 2016
    },
    {
      "privacyCompliant": true,
      "countryOfOrigin": "Nicaragua",
      "knownFlagshipLines": [
        "Kudzu",
        "Jacob\u2019s Ladder"
      ],
      "name": "Southern Draw Cigars",
      "reputationTier": "Boutique",
      "trustStatus": "Verified",
      "yearEstablished": 2014
    },
    {
      "privacyCompliant": true,
      "countryOfOrigin": "Dominican Republic",
      "knownFlagshipLines": [
        "LFD Double Ligero",
        "Andalusian Bull"
      ],
      "name": "La Flor Dominicana",
      "reputationTier": "Legacy",
      "trustStatus": "Verified",
      "yearEstablished": 1996
    },
    {
      "privacyCompliant": true,
      "countryOfOrigin": "Nicaragua",
      "knownFlagshipLines": [
        "Guardian of the Farm",
        "Signature Selection"
      ],
      "name": "Aganorsa Leaf",
      "reputationTier": "Global",
      "trustStatus": "Verified",
      "yearEstablished": 1998
    },
    {
      "privacyCompliant": true,
      "countryOfOrigin": "Nicaragua",
      "knownFlagshipLines": [
        "Alma Fuerte",
        "Reserva Original"
      ],
      "name": "Plasencia Cigars",
      "reputationTier": "Ultra-Premium",
      "trustStatus": "Verified",
      "yearEstablished": 1865
    },
    {
      "privacyCompliant": true,
      "countryOfOrigin": "Costa Rica",
      "knownFlagshipLines": [
        "Daughters of the Wind",
        "Bespoke Traditional Line"
      ],
      "name": "Casdagli Cigars",
      "reputationTier": "Ultra-Premium",
      "trustStatus": "Verified",
      "yearEstablished": 1997
    },
    {
      "privacyCompliant": true,
      "countryOfOrigin": "Dominican Republic",
      "knownFlagshipLines": [
        "Debonaire Maduro",
        "Indian Motorcycle"
      ],
      "name": "Debonaire House",
      "reputationTier": "Boutique",
      "trustStatus": "Verified",
      "yearEstablished": 2012
    },
    {
      "privacyCompliant": true,
      "countryOfOrigin": "Nicaragua",
      "knownFlagshipLines": [
        "Epernay",
        "Original Documents"
      ],
      "name": "Illusione Cigars",
      "reputationTier": "Boutique",
      "trustStatus": "Verified",
      "yearEstablished": 2006
    },
    {
      "privacyCompliant": true,
      "countryOfOrigin": "Honduras",
      "knownFlagshipLines": [
        "Corojo #5",
        "Blue in Green"
      ],
      "name": "Gran Habano",
      "reputationTier": "Global",
      "trustStatus": "Verified",
      "yearEstablished": 2003
    },
    {
      "privacyCompliant": true,
      "countryOfOrigin": "Costa Rica",
      "knownFlagshipLines": [
        "Emperor Collection",
        "ALEXANDER III"
      ],
      "name": "El Septimo Geneva",
      "reputationTier": "Ultra-Premium",
      "trustStatus": "Verified",
      "yearEstablished": 2005
    },
    {
      "privacyCompliant": true,
      "countryOfOrigin": "Nicaragua",
      "knownFlagshipLines": [
        "Farce",
        "10th Anniversary"
      ],
      "name": "Room101 Cigars",
      "reputationTier": "Boutique",
      "trustStatus": "Verified",
      "yearEstablished": 2009
    },
    {
      "privacyCompliant": true,
      "countryOfOrigin": "Mexico",
      "knownFlagshipLines": [
        "1880 Series",
        "Serie 1942"
      ],
      "name": "Casa Turrent",
      "reputationTier": "Legacy",
      "trustStatus": "Verified",
      "yearEstablished": 1880
    },
    {
      "privacyCompliant": true,
      "countryOfOrigin": "Nicaragua",
      "knownFlagshipLines": [
        "San Lotano",
        "New World"
      ],
      "name": "A.J. Fernandez Cigars",
      "reputationTier": "Global",
      "trustStatus": "Verified",
      "yearEstablished": 2002
    },
    {
      "privacyCompliant": true,
      "countryOfOrigin": "Nicaragua",
      "knownFlagshipLines": [
        "Liga Maestro",
        "Tierra Volc\u00e1n"
      ],
      "name": "Mombacho Cigars SA (Favilli)",
      "reputationTier": "Boutique",
      "trustStatus": "Verified",
      "yearEstablished": 2006
    },
    {
      "privacyCompliant": true,
      "countryOfOrigin": "Nicaragua",
      "knownFlagshipLines": [
        "Hot Cake",
        "500th Anniversary"
      ],
      "name": "HVC Cigars",
      "reputationTier": "Boutique",
      "trustStatus": "Verified",
      "yearEstablished": 2011
    },
    {
      "privacyCompliant": true,
      "countryOfOrigin": "Dominican Republic",
      "knownFlagshipLines": [
        "Preferidos",
        "107 Series"
      ],
      "name": "La Aurora",
      "reputationTier": "Legacy",
      "trustStatus": "Verified",
      "yearEstablished": 1903
    },
    {
      "privacyCompliant": true,
      "countryOfOrigin": "Dominican Republic",
      "knownFlagshipLines": [
        "AVO Classic",
        "AVO Syncro Nicaragua"
      ],
      "name": "AVO Cigars",
      "reputationTier": "Global",
      "trustStatus": "Verified",
      "yearEstablished": 1987
    },
    {
      "privacyCompliant": true,
      "countryOfOrigin": "Nicaragua",
      "knownFlagshipLines": [
        "601 Serie",
        "Laranja Reserva"
      ],
      "name": "Espinosa Cigars",
      "reputationTier": "Boutique",
      "trustStatus": "Verified",
      "yearEstablished": 2012
    },
    {
      "privacyCompliant": true,
      "countryOfOrigin": "Dominican Republic",
      "knownFlagshipLines": [
        "Kristoff Maduro",
        "Kristoff Ligero"
      ],
      "name": "Kristoff Cigars",
      "reputationTier": "Boutique",
      "trustStatus": "Verified",
      "yearEstablished": 2004
    },
    {
      "privacyCompliant": true,
      "countryOfOrigin": "Nicaragua",
      "knownFlagshipLines": [
        "Brown Label",
        "Monster Series"
      ],
      "name": "Tatuaje Cigars",
      "reputationTier": "Boutique",
      "trustStatus": "Verified",
      "yearEstablished": 2003
    },
    {
      "privacyCompliant": true,
      "countryOfOrigin": "Nicaragua",
      "knownFlagshipLines": [
        "Anta\u00f1o 1970",
        "Joya Black"
      ],
      "name": "Joya de Nicaragua",
      "reputationTier": "Legacy",
      "trustStatus": "Verified",
      "yearEstablished": 1968
    },
    {
      "privacyCompliant": true,
      "countryOfOrigin": "Costa Rica",
      "knownFlagshipLines": [
        "Byron Reserva",
        "Byron Serie Siglo XXI"
      ],
      "name": "Byron Cigars",
      "reputationTier": "Ultra-Premium",
      "trustStatus": "Verified",
      "yearEstablished": 1850
    },
    {
      "privacyCompliant": true,
      "countryOfOrigin": "Nicaragua",
      "knownFlagshipLines": [
        "Last Rites",
        "Bishops Blend"
      ],
      "name": "Black Label Trading Co.",
      "reputationTier": "Boutique",
      "trustStatus": "Verified",
      "yearEstablished": 2013
    },
    {
      "privacyCompliant": true,
      "countryOfOrigin": "Nicaragua",
      "knownFlagshipLines": [
        "CroMagnon",
        "Intemperance"
      ],
      "name": "RoMa Craft Tobac",
      "reputationTier": "Boutique",
      "trustStatus": "Verified",
      "yearEstablished": 2012
    },
    {
      "privacyCompliant": true,
      "countryOfOrigin": "Cuba",
      "knownFlagshipLines": [
        "Famosos",
        "Clasicos"
      ],
      "name": "Vegas Robaina",
      "reputationTier": "Legacy",
      "trustStatus": "Verified",
      "yearEstablished": 1997
    },
    {
      "privacyCompliant": true,
      "countryOfOrigin": "Dominican Republic",
      "knownFlagshipLines": [
        "Primus",
        "Rubina"
      ],
      "name": "Davtian Cigars",
      "reputationTier": "Boutique",
      "trustStatus": "Verified",
      "yearEstablished": 2007
    },
    {
      "privacyCompliant": true,
      "countryOfOrigin": "Dominican Republic",
      "knownFlagshipLines": [
        "Aviator Series",
        "Martinique"
      ],
      "name": "Principle Cigars",
      "reputationTier": "Ultra-Premium",
      "trustStatus": "Verified",
      "yearEstablished": 2013
    },
    {
      "privacyCompliant": true,
      "countryOfOrigin": "Nicaragua",
      "knownFlagshipLines": [
        "Buenaventura",
        "Reserva Limitada"
      ],
      "name": "Curivari Cigars",
      "reputationTier": "Boutique",
      "trustStatus": "Verified",
      "yearEstablished": 2003
    },
    {
      "privacyCompliant": true,
      "countryOfOrigin": "Honduras",
      "knownFlagshipLines": [
        "White Series",
        "Black II"
      ],
      "name": "Cavalier Gen\u00e8ve",
      "reputationTier": "Boutique",
      "trustStatus": "Verified",
      "yearEstablished": 2015
    },
    {
      "privacyCompliant": true,
      "countryOfOrigin": "Nicaragua",
      "knownFlagshipLines": [
        "La Madrina",
        "El Borracho"
      ],
      "name": "Dapper Cigar Co.",
      "reputationTier": "Boutique",
      "trustStatus": "Verified",
      "yearEstablished": 2013
    },
    {
      "privacyCompliant": true,
      "countryOfOrigin": "Nicaragua",
      "knownFlagshipLines": [
        "Entered Apprentice",
        "Veiled Prophet"
      ],
      "name": "Hiram & Solomon Cigars",
      "reputationTier": "Boutique",
      "trustStatus": "Verified",
      "yearEstablished": 2014
    },
    {
      "privacyCompliant": true,
      "countryOfOrigin": "Dominican Republic",
      "knownFlagshipLines": [
        "El Diario",
        "Goldie"
      ],
      "name": "La Palina",
      "reputationTier": "Legacy",
      "trustStatus": "Verified",
      "yearEstablished": 1896
    },
    {
      "privacyCompliant": true,
      "countryOfOrigin": "Honduras",
      "knownFlagshipLines": [
        "Leaf by Oscar",
        "2012 by Oscar"
      ],
      "name": "Oscar Valladares Tobacco & Co.",
      "reputationTier": "Boutique",
      "trustStatus": "Verified",
      "yearEstablished": 2012
    },
    {
      "privacyCompliant": true,
      "countryOfOrigin": "Dominican Republic",
      "knownFlagshipLines": [
        "PG Gourmet Series",
        "Artisan\u2019s Passion"
      ],
      "name": "Paul Garmirian Cigars",
      "reputationTier": "Ultra-Premium",
      "trustStatus": "Verified",
      "yearEstablished": 1990
    },
    {
      "privacyCompliant": true,
      "countryOfOrigin": "Dominican Republic",
      "knownFlagshipLines": [
        "Reserva Maduro",
        "Habano"
      ],
      "name": "Casa Cuevas Cigars",
      "reputationTier": "Boutique",
      "trustStatus": "Verified",
      "yearEstablished": 2016
    },
    {
      "privacyCompliant": true,
      "countryOfOrigin": "Dominican Republic",
      "knownFlagshipLines": [
        "Mr. White",
        "The Last Cowboy"
      ],
      "name": "Sinistro Cigars",
      "reputationTier": "Boutique",
      "trustStatus": "Verified",
      "yearEstablished": 2015
    },
    {
      "privacyCompliant": true,
      "countryOfOrigin": "Dominican Republic",
      "knownFlagshipLines": [
        "Aging Room",
        "La Galera"
      ],
      "name": "Tabacalera Palma",
      "reputationTier": "Legacy",
      "trustStatus": "Verified",
      "yearEstablished": 1936
    },
    {
      "privacyCompliant": true,
      "countryOfOrigin": "Nicaragua",
      "knownFlagshipLines": [
        "Daddy Mac",
        "Venganza"
      ],
      "name": "Cornelius & Anthony",
      "reputationTier": "Boutique",
      "trustStatus": "Verified",
      "yearEstablished": 2016
    },
    {
      "privacyCompliant": true,
      "countryOfOrigin": "Nicaragua",
      "knownFlagshipLines": [
        "Micallef Leyenda",
        "Herencia"
      ],
      "name": "Micallef Cigars",
      "reputationTier": "Boutique",
      "trustStatus": "Verified",
      "yearEstablished": 2016
    },
    {
      "privacyCompliant": true,
      "countryOfOrigin": "Costa Rica",
      "knownFlagshipLines": [
        "Don Patron",
        "Ocean Breeze"
      ],
      "name": "Lampert Cigars",
      "reputationTier": "Boutique",
      "trustStatus": "Verified",
      "yearEstablished": 2020
    },
    {
      "privacyCompliant": true,
      "countryOfOrigin": "Nicaragua",
      "knownFlagshipLines": [
        "JFR Lunatic",
        "Casa Fernandez Miami"
      ],
      "name": "Casa Fernandez (AGANORSA)",
      "reputationTier": "Global",
      "trustStatus": "Verified",
      "yearEstablished": 1998
    },
    {
      "privacyCompliant": true,
      "countryOfOrigin": "Costa Rica",
      "knownFlagshipLines": [
        "Atabey",
        "Bandolero"
      ],
      "name": "Selected Tobacco",
      "reputationTier": "Ultra-Premium",
      "trustStatus": "Verified",
      "yearEstablished": 2005
    },
    {
      "privacyCompliant": true,
      "countryOfOrigin": "Nicaragua",
      "knownFlagshipLines": [
        "EGO",
        "Ringo"
      ],
      "name": "Felix Assouline Cigars",
      "reputationTier": "Boutique",
      "trustStatus": "Verified",
      "yearEstablished": 2013
    },
    {
      "privacyCompliant": true,
      "countryOfOrigin": "Dominican Republic",
      "knownFlagshipLines": [
        "Gran A\u00f1ejo",
        "Platino"
      ],
      "name": "Patoro Cigars",
      "reputationTier": "Ultra-Premium",
      "trustStatus": "Verified",
      "yearEstablished": 2001
    },
    {
      "privacyCompliant": true,
      "countryOfOrigin": "Nicaragua",
      "knownFlagshipLines": [
        "Liga Exclusiva de Familia",
        "Primo del Rey"
      ],
      "name": "Blanco Cigar Company",
      "reputationTier": "Boutique",
      "trustStatus": "Verified",
      "yearEstablished": 1998
    },
    {
      "privacyCompliant": true,
      "countryOfOrigin": "Dominican Republic",
      "knownFlagshipLines": [
        "VegaFina Classic",
        "Nicaragua"
      ],
      "name": "VegaFina",
      "reputationTier": "Global",
      "trustStatus": "Verified",
      "yearEstablished": 1998
    },
    {
      "privacyCompliant": true,
      "countryOfOrigin": "Nicaragua",
      "knownFlagshipLines": [
        "Fratello Classico",
        "Navetta Inverso"
      ],
      "name": "Fratello Cigars",
      "reputationTier": "Boutique",
      "trustStatus": "Verified",
      "yearEstablished": 2013
    },
    {
      "privacyCompliant": true,
      "countryOfOrigin": "Dominican Republic",
      "knownFlagshipLines": [
        "Quattro Nicaragua",
        "M356"
      ],
      "name": "Aging Room Cigars",
      "reputationTier": "Global",
      "trustStatus": "Verified",
      "yearEstablished": 2011
    },
    {
      "privacyCompliant": true,
      "countryOfOrigin": "Nicaragua",
      "knownFlagshipLines": [
        "AF Series",
        "Suave"
      ],
      "name": "Emilio Cigars",
      "reputationTier": "Boutique",
      "trustStatus": "Verified",
      "yearEstablished": 2010
    },
    {
      "privacyCompliant": true,
      "countryOfOrigin": "Nicaragua",
      "knownFlagshipLines": [
        "Black Label Trading Co.",
        "BLK WKS Studio"
      ],
      "name": "Fabrica Oveja Negra",
      "reputationTier": "Boutique",
      "trustStatus": "Verified",
      "yearEstablished": 2015
    },
    {
      "privacyCompliant": true,
      "countryOfOrigin": "Nicaragua",
      "knownFlagshipLines": [
        "The Dreamer",
        "Fiat Lux"
      ],
      "name": "A.C.E. Prime / Luciano Cigars",
      "reputationTier": "Boutique",
      "trustStatus": "Verified",
      "yearEstablished": 2019
    },
    {
      "privacyCompliant": true,
      "countryOfOrigin": "Nicaragua",
      "knownFlagshipLines": [
        "Red Knight",
        "Nugg"
      ],
      "name": "Jas Sum Kral (JSK)",
      "reputationTier": "Boutique",
      "trustStatus": "Verified",
      "yearEstablished": 2015
    },
    {
      "privacyCompliant": true,
      "countryOfOrigin": "Dominican Republic",
      "knownFlagshipLines": [
        "Salt of the Earth",
        "El Legado"
      ],
      "name": "Don Doroteo Cigars",
      "reputationTier": "Boutique",
      "trustStatus": "Verified",
      "yearEstablished": 2021
    },
    {
      "privacyCompliant": true,
      "countryOfOrigin": "Nicaragua",
      "knownFlagshipLines": [
        "Grand Apex",
        "Original Blend"
      ],
      "name": "Reinado Cigars",
      "reputationTier": "Boutique",
      "trustStatus": "Verified",
      "yearEstablished": 2009
    },
    {
      "privacyCompliant": true,
      "countryOfOrigin": "Dominican Republic",
      "knownFlagshipLines": [
        "Buffalo TEN",
        "Big Papi"
      ],
      "name": "El Artista Cigars",
      "reputationTier": "Legacy",
      "trustStatus": "Verified",
      "yearEstablished": 1956
    },
    {
      "privacyCompliant": true,
      "countryOfOrigin": "Nicaragua",
      "knownFlagshipLines": [
        "Farce Maduro",
        "Farce Connecticut"
      ],
      "name": "Room101 Farce Collection",
      "reputationTier": "Boutique",
      "trustStatus": "Verified",
      "yearEstablished": 2018
    },
    {
      "privacyCompliant": true,
      "countryOfOrigin": "Honduras",
      "knownFlagshipLines": [
        "Don Fernando Maduro",
        "San Andres Toro Bello"
      ],
      "name": "Kafie 1901 Cigars",
      "reputationTier": "Boutique",
      "trustStatus": "Verified",
      "yearEstablished": 2013
    },
    {
      "privacyCompliant": true,
      "countryOfOrigin": "Dominican Republic",
      "knownFlagshipLines": [
        "Purple",
        "Red"
      ],
      "name": "La Barba Cigars",
      "reputationTier": "Boutique",
      "trustStatus": "Verified",
      "yearEstablished": 2012
    },
    {
      "privacyCompliant": true,
      "countryOfOrigin": "Nicaragua",
      "knownFlagshipLines": [
        "Sobremesa",
        "Mi Querida"
      ],
      "name": "Dunbarton Tobacco & Trust",
      "reputationTier": "Ultra-Premium",
      "trustStatus": "Verified",
      "yearEstablished": 2015
    },
    {
      "privacyCompliant": true,
      "countryOfOrigin": "Nicaragua",
      "knownFlagshipLines": [
        "Crook of the Crown",
        "Call to Arms"
      ],
      "name": "Stolen Throne Cigars",
      "reputationTier": "Boutique",
      "trustStatus": "Verified",
      "yearEstablished": 2019
    },
    {
      "privacyCompliant": true,
      "countryOfOrigin": "Dominican Republic",
      "knownFlagshipLines": [
        "Epic Maduro Reserva",
        "Epic Corojo"
      ],
      "name": "Epic Cigars",
      "reputationTier": "Boutique",
      "trustStatus": "Verified",
      "yearEstablished": 2010
    },
    {
      "privacyCompliant": true,
      "countryOfOrigin": "Nicaragua",
      "knownFlagshipLines": [
        "Patina Habano",
        "Patina Maduro"
      ],
      "name": "Patina Cigars",
      "reputationTier": "Boutique",
      "trustStatus": "Verified",
      "yearEstablished": 2016
    },
    {
      "privacyCompliant": true,
      "countryOfOrigin": "Nicaragua",
      "knownFlagshipLines": [
        "White",
        "Black"
      ],
      "name": "West Tampa Tobacco Co.",
      "reputationTier": "Boutique",
      "trustStatus": "Verified",
      "yearEstablished": 2022
    },
    {
      "privacyCompliant": true,
      "countryOfOrigin": "USA",
      "knownFlagshipLines": [
        "Redemption",
        "Gran Reserve"
      ],
      "name": "El Titan de Bronze",
      "reputationTier": "Legacy",
      "trustStatus": "Verified",
      "yearEstablished": 1995
    },
    {
      "privacyCompliant": true,
      "countryOfOrigin": "Nicaragua",
      "knownFlagshipLines": [
        "Serino Royale Maduro",
        "Wayfarer"
      ],
      "name": "Serino Cigar Co.",
      "reputationTier": "Boutique",
      "trustStatus": "Verified",
      "yearEstablished": 2016
    },
    {
      "privacyCompliant": true,
      "countryOfOrigin": "Nicaragua",
      "knownFlagshipLines": [
        "Bellas Artes Maduro",
        "Bellas Artes Habano"
      ],
      "name": "Bellas Artes by AJ Fernandez",
      "reputationTier": "Ultra-Premium",
      "trustStatus": "Verified",
      "yearEstablished": 2016
    },
    {
      "privacyCompliant": true,
      "countryOfOrigin": "Nicaragua",
      "knownFlagshipLines": [
        "Perdomo Reserve Champagne",
        "10th Anniversary Maduro"
      ],
      "name": "Gran Reserva by Perdomo",
      "reputationTier": "Global",
      "trustStatus": "Verified",
      "yearEstablished": 1998
    },
    {
      "privacyCompliant": true,
      "countryOfOrigin": "Nicaragua",
      "knownFlagshipLines": [
        "The Post Embargo Series",
        "Apache"
      ],
      "name": "Casa Caraballo",
      "reputationTier": "Boutique",
      "trustStatus": "Verified",
      "yearEstablished": 2016
    },
    {
      "privacyCompliant": true,
      "countryOfOrigin": "Nicaragua",
      "knownFlagshipLines": [
        "La Negrita",
        "La Clarita"
      ],
      "name": "Tres Lindas Cubanas Cigars",
      "reputationTier": "Boutique",
      "trustStatus": "Verified",
      "yearEstablished": 2014
    },
    {
      "privacyCompliant": true,
      "countryOfOrigin": "Dominican Republic",
      "knownFlagshipLines": [
        "ATL Magic",
        "ATL Black"
      ],
      "name": "ATL Cigar Co.",
      "reputationTier": "Boutique",
      "trustStatus": "Verified",
      "yearEstablished": 2020
    },
    {
      "privacyCompliant": true,
      "countryOfOrigin": "Dominican Republic",
      "knownFlagshipLines": [
        "Phenom Series",
        "Proper"
      ],
      "name": "FQ Cigars (Fernandez Quiroga)",
      "reputationTier": "Boutique",
      "trustStatus": "Verified",
      "yearEstablished": 2013
    },
    {
      "privacyCompliant": true,
      "countryOfOrigin": "Nicaragua",
      "knownFlagshipLines": [
        "Defcon",
        "White Label"
      ],
      "name": "Arandoza Cigars",
      "reputationTier": "Boutique",
      "trustStatus": "Verified",
      "yearEstablished": 2011
    },
    {
      "privacyCompliant": true,
      "countryOfOrigin": "Honduras",
      "knownFlagshipLines": [
        "Aged Selection",
        "Signed Range"
      ],
      "name": "Dunhill Cigars (Legacy Brand)",
      "reputationTier": "Legacy",
      "trustStatus": "Verified",
      "yearEstablished": 1907
    },
    {
      "privacyCompliant": true,
      "countryOfOrigin": "Nicaragua",
      "knownFlagshipLines": [
        "Don Kiki White Label",
        "Brown Label"
      ],
      "name": "Don Kiki Cigars",
      "reputationTier": "Legacy",
      "trustStatus": "Verified",
      "yearEstablished": 1990
    },
    {
      "privacyCompliant": true,
      "countryOfOrigin": "Nicaragua",
      "knownFlagshipLines": [
        "3 Blends",
        "Veritas Torch"
      ],
      "name": "Veritas Cigars",
      "reputationTier": "Boutique",
      "trustStatus": "Verified",
      "yearEstablished": 2011
    },
    {
      "privacyCompliant": true,
      "countryOfOrigin": "Nicaragua",
      "knownFlagshipLines": [
        "Killer Bee",
        "Green Hornet"
      ],
      "name": "Black Works Studio",
      "reputationTier": "Boutique",
      "trustStatus": "Verified",
      "yearEstablished": 2015
    },
    {
      "privacyCompliant": true,
      "countryOfOrigin": "Dominican Republic",
      "knownFlagshipLines": [
        "Classic Natural",
        "Underground Connecticut"
      ],
      "name": "Sosa Cigars",
      "reputationTier": "Legacy",
      "trustStatus": "Verified",
      "yearEstablished": 1964
    },
    {
      "privacyCompliant": true,
      "countryOfOrigin": "Dominican Republic",
      "knownFlagshipLines": [
        "DBL Extra Viejo",
        "Formula"
      ],
      "name": "Dominican Big Leaguer (DBL) Cigars",
      "reputationTier": "Boutique",
      "trustStatus": "Verified",
      "yearEstablished": 2013
    },
    {
      "privacyCompliant": true,
      "countryOfOrigin": "Dominican Republic",
      "knownFlagshipLines": [
        "Don Reynaldo Regalos",
        "Corona de Luxe"
      ],
      "name": "Don Reynaldo by Warped",
      "reputationTier": "Ultra-Premium",
      "trustStatus": "Verified",
      "yearEstablished": 2014
    },
    {
      "privacyCompliant": true,
      "countryOfOrigin": "Nicaragua",
      "knownFlagshipLines": [
        "La Riqueza",
        "1516 Original Blend"
      ],
      "name": "1516 Cigars",
      "reputationTier": "Boutique",
      "trustStatus": "Verified",
      "yearEstablished": 2020
    },
    {
      "privacyCompliant": true,
      "countryOfOrigin": "Nicaragua",
      "knownFlagshipLines": [
        "Pulse",
        "Friends and Family"
      ],
      "name": "Ohana Cigars",
      "reputationTier": "Boutique",
      "trustStatus": "Verified",
      "yearEstablished": 2015
    },
    {
      "privacyCompliant": true,
      "countryOfOrigin": "Nicaragua",
      "knownFlagshipLines": [
        "Clave Cubana",
        "Finca Santa Fe"
      ],
      "name": "Cordoba & Morales Cigars",
      "reputationTier": "Boutique",
      "trustStatus": "Verified",
      "yearEstablished": 2011
    },
    {
      "privacyCompliant": true,
      "countryOfOrigin": "Nicaragua",
      "knownFlagshipLines": [
        "Reserva Familiar",
        "Clasico"
      ],
      "name": "Pichardo Cigars",
      "reputationTier": "Boutique",
      "trustStatus": "Verified",
      "yearEstablished": 2013
    },
    {
      "privacyCompliant": true,
      "countryOfOrigin": "Nicaragua",
      "knownFlagshipLines": [
        "La Sirena Original",
        "LTZ"
      ],
      "name": "La Sirena Cigars",
      "reputationTier": "Global",
      "trustStatus": "Verified",
      "yearEstablished": 2009
    },
    {
      "privacyCompliant": true,
      "countryOfOrigin": "Honduras",
      "knownFlagshipLines": [
        "Cumpay Robusto",
        "Cumpay Volcano"
      ],
      "name": "Cumpay by Maya Selva Cigars",
      "reputationTier": "Global",
      "trustStatus": "Verified",
      "yearEstablished": 1995
    },
    {
      "privacyCompliant": true,
      "countryOfOrigin": "Honduras",
      "knownFlagshipLines": [
        "Robusto Oscuro",
        "Choix Supreme"
      ],
      "name": "El Rey del Mundo (Non-Cuban)",
      "reputationTier": "Legacy",
      "trustStatus": "Verified",
      "yearEstablished": 1994
    },
    {
      "privacyCompliant": true,
      "countryOfOrigin": "Nicaragua",
      "knownFlagshipLines": [
        "Gilberto Oliva Blanc",
        "Gilberto Reserva"
      ],
      "name": "Gilberto Oliva Reserva",
      "reputationTier": "Legacy",
      "trustStatus": "Verified",
      "yearEstablished": 2017
    },
    {
      "privacyCompliant": true,
      "countryOfOrigin": "Nicaragua",
      "knownFlagshipLines": [
        "Cubao",
        "La Madrina Shade"
      ],
      "name": "Dapper Cigars",
      "reputationTier": "Boutique",
      "trustStatus": "Verified",
      "yearEstablished": 2013
    },
    {
      "privacyCompliant": true,
      "countryOfOrigin": "Honduras",
      "knownFlagshipLines": [
        "Leaf by Oscar Maduro",
        "Leaf by Oscar Connecticut"
      ],
      "name": "Leaf by Oscar",
      "reputationTier": "Boutique",
      "trustStatus": "Verified",
      "yearEstablished": 2011
    },
    {
      "privacyCompliant": true,
      "countryOfOrigin": "Dominican Republic",
      "knownFlagshipLines": [
        "Falto Prominente",
        "Falto La Pureza"
      ],
      "name": "Falto Cigars",
      "reputationTier": "Boutique",
      "trustStatus": "Verified",
      "yearEstablished": 1995
    },
    {
      "privacyCompliant": true,
      "countryOfOrigin": "Nicaragua",
      "knownFlagshipLines": [
        "Africa Series",
        "Don Lino Maduro"
      ],
      "name": "Don Lino by Miami Cigar & Co.",
      "reputationTier": "Legacy",
      "trustStatus": "Verified",
      "yearEstablished": 1994
    },
    {
      "privacyCompliant": true,
      "countryOfOrigin": "Nicaragua",
      "knownFlagshipLines": [
        "Yagua"
      ],
      "name": "Yagua by J.C. Newman",
      "reputationTier": "Ultra-Premium",
      "trustStatus": "Verified",
      "yearEstablished": 2020
    },
    {
      "privacyCompliant": true,
      "countryOfOrigin": "Nicaragua",
      "knownFlagshipLines": [
        "Puros Huerfanos Robusto",
        "Toro"
      ],
      "name": "Puros Huerfanos by Caldwell",
      "reputationTier": "Boutique",
      "trustStatus": "Verified",
      "yearEstablished": 2019
    },
    {
      "privacyCompliant": true,
      "countryOfOrigin": "Dominican Republic",
      "knownFlagshipLines": [
        "Pressoir",
        "Terroir"
      ],
      "name": "Chinnock Cellars Cigars",
      "reputationTier": "Boutique",
      "trustStatus": "Verified",
      "yearEstablished": 2010
    },
    {
      "privacyCompliant": true,
      "countryOfOrigin": "Honduras",
      "knownFlagshipLines": [
        "Viejo Mundo",
        "Premier"
      ],
      "name": "Reyes Family Cigars",
      "reputationTier": "Legacy",
      "trustStatus": "Verified",
      "yearEstablished": 1997
    },
    {
      "privacyCompliant": true,
      "countryOfOrigin": "Nicaragua",
      "knownFlagshipLines": [
        "Jazz Series",
        "Natural Pleasure"
      ],
      "name": "Emperors Cut Cigars",
      "reputationTier": "Boutique",
      "trustStatus": "Verified",
      "yearEstablished": 2017
    },
    {
      "privacyCompliant": true,
      "countryOfOrigin": "Honduras",
      "knownFlagshipLines": [
        "Flor de Selva",
        "Villa Zamorano"
      ],
      "name": "Maya Selva Cigars",
      "reputationTier": "Global",
      "trustStatus": "Verified",
      "yearEstablished": 1995
    },
    {
      "privacyCompliant": true,
      "countryOfOrigin": "Honduras",
      "knownFlagshipLines": [
        "LE2020",
        "LE2022"
      ],
      "name": "Cavalier Gen\u00e8ve Limited Edition",
      "reputationTier": "Ultra-Premium",
      "trustStatus": "Verified",
      "yearEstablished": 2016
    },
    {
      "privacyCompliant": true,
      "countryOfOrigin": "Nicaragua",
      "knownFlagshipLines": [
        "Integrity",
        "Fellowship"
      ],
      "name": "Table 36 Cigars",
      "reputationTier": "Boutique",
      "trustStatus": "Verified",
      "yearEstablished": 2012
    },
    {
      "privacyCompliant": true,
      "countryOfOrigin": "Nicaragua",
      "knownFlagshipLines": [
        "Street Tacos",
        "Bluebonnets"
      ],
      "name": "Rojas Cigars",
      "reputationTier": "Boutique",
      "trustStatus": "Verified",
      "yearEstablished": 2019
    },
    {
      "privacyCompliant": true,
      "countryOfOrigin": "Dominican Republic",
      "knownFlagshipLines": [
        "Weld Wheels",
        "Time Flies"
      ],
      "name": "Foundry Tobacco Company",
      "reputationTier": "Legacy",
      "trustStatus": "Verified",
      "yearEstablished": 2012
    },
    {
      "privacyCompliant": true,
      "countryOfOrigin": "Dominican Republic",
      "knownFlagshipLines": [
        "Personal Reserve Leo X",
        "Nova Platinum"
      ],
      "name": "Nova Cigars (Plasencia Collaboration)",
      "reputationTier": "Ultra-Premium",
      "trustStatus": "Verified",
      "yearEstablished": 2019
    },
    {
      "privacyCompliant": true,
      "countryOfOrigin": "Nicaragua",
      "knownFlagshipLines": [
        "Barreda Connecticut",
        "Barreda Maduro"
      ],
      "name": "Barreda Cigars",
      "reputationTier": "Boutique",
      "trustStatus": "Verified",
      "yearEstablished": 2010
    },
    {
      "privacyCompliant": true,
      "countryOfOrigin": "Dominican Republic",
      "knownFlagshipLines": [
        "La Galera Connecticut",
        "La Galera Maduro"
      ],
      "name": "La Galera by Tabacalera Palma",
      "reputationTier": "Global",
      "trustStatus": "Verified",
      "yearEstablished": 2015
    },
    {
      "privacyCompliant": true,
      "countryOfOrigin": "Nicaragua",
      "knownFlagshipLines": [
        "Liga Exclusiva de Familia Maduro",
        "Habano Rosado"
      ],
      "name": "Blanco Liga Exclusiva",
      "reputationTier": "Boutique",
      "trustStatus": "Verified",
      "yearEstablished": 2012
    },
    {
      "privacyCompliant": true,
      "countryOfOrigin": "Dominican Republic",
      "knownFlagshipLines": [
        "Series 2000",
        "Don Lucas Family Reserve"
      ],
      "name": "Don Lucas Cigars",
      "reputationTier": "Legacy",
      "trustStatus": "Verified",
      "yearEstablished": 1992
    },
    {
      "privacyCompliant": true,
      "countryOfOrigin": "Dominican Republic",
      "knownFlagshipLines": [
        "Principes Corona",
        "Natural Vanilla"
      ],
      "name": "Principes by La Aurora",
      "reputationTier": "Legacy",
      "trustStatus": "Verified",
      "yearEstablished": 1903
    },
    {
      "privacyCompliant": true,
      "countryOfOrigin": "Nicaragua",
      "knownFlagshipLines": [
        "Operation Gothic Serpent",
        "Hooten Young 2020"
      ],
      "name": "Hooten Young Cigars",
      "reputationTier": "Boutique",
      "trustStatus": "Verified",
      "yearEstablished": 2020
    },
    {
      "privacyCompliant": true,
      "countryOfOrigin": "Dominican Republic",
      "knownFlagshipLines": [
        "Don Pancho",
        "Trumpet"
      ],
      "name": "Casa Trompeta Cigars",
      "reputationTier": "Boutique",
      "trustStatus": "Verified",
      "yearEstablished": 2015
    },
    {
      "privacyCompliant": true,
      "countryOfOrigin": "Nicaragua",
      "knownFlagshipLines": [
        "Reserva Limitada",
        "Micallef Maduro"
      ],
      "name": "Micallef Reserva",
      "reputationTier": "Ultra-Premium",
      "trustStatus": "Verified",
      "yearEstablished": 2016
    },
    {
      "privacyCompliant": true,
      "countryOfOrigin": "Dominican Republic",
      "knownFlagshipLines": [
        "Box Pressed",
        "Perfeccion"
      ],
      "name": "La Instructora",
      "reputationTier": "Boutique",
      "trustStatus": "Verified",
      "yearEstablished": 2016
    },
    {
      "privacyCompliant": true,
      "countryOfOrigin": "Dominican Republic",
      "knownFlagshipLines": [
        "Saga Short Tales",
        "Saga Solaz"
      ],
      "name": "De Los Reyes Cigars",
      "reputationTier": "Global",
      "trustStatus": "Verified",
      "yearEstablished": 1992
    },
    {
      "privacyCompliant": true,
      "countryOfOrigin": "Honduras",
      "knownFlagshipLines": [
        "White Series Lancero",
        "White Series Robusto"
      ],
      "name": "Cavalier Gen\u00e8ve White Series",
      "reputationTier": "Global",
      "trustStatus": "Verified",
      "yearEstablished": 2015
    },
    {
      "privacyCompliant": true,
      "countryOfOrigin": "Honduras",
      "knownFlagshipLines": [
        "Wild Hunter Oscuro",
        "Wild Hunter Natural"
      ],
      "name": "Oscar Valladares Wild Hunter",
      "reputationTier": "Boutique",
      "trustStatus": "Verified",
      "yearEstablished": 2019
    },
    {
      "privacyCompliant": true,
      "countryOfOrigin": "Nicaragua",
      "knownFlagshipLines": [
        "LJZ Limited Edition",
        "LJZ Toro"
      ],
      "name": "Emilio LJZ Series",
      "reputationTier": "Boutique",
      "trustStatus": "Verified",
      "yearEstablished": 2018
    },
    {
      "privacyCompliant": true,
      "countryOfOrigin": "Mexico",
      "knownFlagshipLines": [
        "Revolution",
        "Cuchillo Parado"
      ],
      "name": "Casa 1910 Cigars",
      "reputationTier": "Boutique",
      "trustStatus": "Verified",
      "yearEstablished": 2021
    },
    {
      "privacyCompliant": true,
      "countryOfOrigin": "Dominican Republic",
      "knownFlagshipLines": [
        "Flor y Nata Maduro",
        "Flor y Nata Connecticut"
      ],
      "name": "Flor y Nata Cigars",
      "reputationTier": "Boutique",
      "trustStatus": "Verified",
      "yearEstablished": 2012
    },
    {
      "privacyCompliant": true,
      "countryOfOrigin": "Nicaragua",
      "knownFlagshipLines": [
        "Viva La Vida",
        "El Pulpo"
      ],
      "name": "Artesano Del Tobacco",
      "reputationTier": "Boutique",
      "trustStatus": "Verified",
      "yearEstablished": 2015
    },
    {
      "privacyCompliant": true,
      "countryOfOrigin": "Nicaragua",
      "knownFlagshipLines": [
        "Traveling Man Toro",
        "Traveling Man Robusto"
      ],
      "name": "Hiram & Solomon Traveling Man",
      "reputationTier": "Boutique",
      "trustStatus": "Verified",
      "yearEstablished": 2016
    },
    {
      "privacyCompliant": true,
      "countryOfOrigin": "Dominican Republic",
      "knownFlagshipLines": [
        "Lure Maduro",
        "Lure Habano"
      ],
      "name": "Lure Cigars",
      "reputationTier": "Boutique",
      "trustStatus": "Verified",
      "yearEstablished": 2021
    },
    {
      "privacyCompliant": true,
      "countryOfOrigin": "Dominican Republic",
      "knownFlagshipLines": [
        "Los Estoico",
        "Elegancia"
      ],
      "name": "Peter James Cigars",
      "reputationTier": "Ultra-Premium",
      "trustStatus": "Verified",
      "yearEstablished": 2022
    },
    {
      "privacyCompliant": true,
      "countryOfOrigin": "Nicaragua",
      "knownFlagshipLines": [
        "Valacari NeoClassic",
        "Valacari Revelation"
      ],
      "name": "Valacari Cigars",
      "reputationTier": "Boutique",
      "trustStatus": "Verified",
      "yearEstablished": 2014
    },
    {
      "privacyCompliant": true,
      "countryOfOrigin": "Honduras",
      "knownFlagshipLines": [
        "Aniversario 1965",
        "HHB Classic"
      ],
      "name": "Zander-Greg (Nat Cicco)",
      "reputationTier": "Legacy",
      "trustStatus": "Verified",
      "yearEstablished": 1965
    },
    {
      "privacyCompliant": true,
      "countryOfOrigin": "Nicaragua",
      "knownFlagshipLines": [
        "Fourth Prime",
        "Two Things"
      ],
      "name": "Fable Cigars",
      "reputationTier": "Boutique",
      "trustStatus": "Verified",
      "yearEstablished": 2015
    },
    {
      "privacyCompliant": true,
      "countryOfOrigin": "Nicaragua",
      "knownFlagshipLines": [
        "Los Caidos Blue",
        "Los Caidos Red"
      ],
      "name": "Los Caidos Cigars",
      "reputationTier": "Boutique",
      "trustStatus": "Verified",
      "yearEstablished": 2018
    },
    {
      "privacyCompliant": true,
      "countryOfOrigin": "Dominican Republic",
      "knownFlagshipLines": [
        "Cabinet Selection Connecticut",
        "Cabinet Selection Maduro"
      ],
      "name": "Cabinet Selection by La Aurora",
      "reputationTier": "Global",
      "trustStatus": "Verified",
      "yearEstablished": 2015
    },
    {
      "privacyCompliant": true,
      "countryOfOrigin": "Nicaragua",
      "knownFlagshipLines": [
        "Hot Cake Maduro",
        "Hot Cake Golden Line"
      ],
      "name": "HVC Hot Cake Series",
      "reputationTier": "Boutique",
      "trustStatus": "Verified",
      "yearEstablished": 2020
    },
    {
      "privacyCompliant": true,
      "countryOfOrigin": "Dominican Republic",
      "knownFlagshipLines": [
        "Boca de Oro Gold",
        "Boca de Oro Maduro"
      ],
      "name": "Boca de Oro Cigars",
      "reputationTier": "Boutique",
      "trustStatus": "Verified",
      "yearEstablished": 2020
    },
    {
      "privacyCompliant": true,
      "countryOfOrigin": "Nicaragua",
      "knownFlagshipLines": [
        "Bosphorus",
        "Aramas"
      ],
      "name": "Ozgener Family Cigars",
      "reputationTier": "Boutique",
      "trustStatus": "Verified",
      "yearEstablished": 2022
    },
    {
      "privacyCompliant": true,
      "countryOfOrigin": "Costa Rica",
      "knownFlagshipLines": [
        "Presidential Collection",
        "Golden Blend"
      ],
      "name": "D\u2019Crossier Cigars",
      "reputationTier": "Ultra-Premium",
      "trustStatus": "Verified",
      "yearEstablished": 2007
    },
    {
      "privacyCompliant": true,
      "countryOfOrigin": "Nicaragua",
      "knownFlagshipLines": [
        "Cumpay Volcano",
        "Cumpay Robusto"
      ],
      "name": "Cumpay by Maya Selva (Nicaragua)",
      "reputationTier": "Global",
      "trustStatus": "Verified",
      "yearEstablished": 1999
    },
    {
      "privacyCompliant": true,
      "countryOfOrigin": "Nicaragua",
      "knownFlagshipLines": [
        "Espiritu Series No. 1",
        "Espiritu Series No. 2"
      ],
      "name": "Trinidad Espiritu by A.J. Fernandez",
      "reputationTier": "Global",
      "trustStatus": "Verified",
      "yearEstablished": 2019
    },
    {
      "privacyCompliant": true,
      "countryOfOrigin": "Nicaragua",
      "knownFlagshipLines": [
        "Fugitive",
        "S-307"
      ],
      "name": "Nomad Cigar Co.",
      "reputationTier": "Boutique",
      "trustStatus": "Verified",
      "yearEstablished": 2012
    },
    {
      "privacyCompliant": true,
      "countryOfOrigin": "Costa Rica",
      "knownFlagshipLines": [
        "Van Gogh",
        "Michelangelo"
      ],
      "name": "El Septimo Sacred Arts Collection",
      "reputationTier": "Ultra-Premium",
      "trustStatus": "Verified",
      "yearEstablished": 2020
    },
    {
      "privacyCompliant": true,
      "countryOfOrigin": "Dominican Republic",
      "knownFlagshipLines": [
        "Pain Killer",
        "GTO Corona de GTO"
      ],
      "name": "GTO Dominican Cigars",
      "reputationTier": "Boutique",
      "trustStatus": "Verified",
      "yearEstablished": 2010
    },
    {
      "privacyCompliant": true,
      "countryOfOrigin": "Dominican Republic",
      "knownFlagshipLines": [
        "Habano Serie 32",
        "Connecticut Limited"
      ],
      "name": "Manolo Estate Cigars",
      "reputationTier": "Boutique",
      "trustStatus": "Verified",
      "yearEstablished": 2013
    },
    {
      "privacyCompliant": true,
      "countryOfOrigin": "Dominican Republic",
      "knownFlagshipLines": [
        "Unkind",
        "Crow"
      ],
      "name": "Blackbird Cigar Co.",
      "reputationTier": "Boutique",
      "trustStatus": "Verified",
      "yearEstablished": 2016
    },
    {
      "privacyCompliant": true,
      "countryOfOrigin": "Honduras",
      "knownFlagshipLines": [
        "Pura Soul Maduro",
        "Pura Soul Nicaragua"
      ],
      "name": "Pura Soul Cigars",
      "reputationTier": "Boutique",
      "trustStatus": "Verified",
      "yearEstablished": 2013
    },
    {
      "privacyCompliant": true,
      "countryOfOrigin": "Nicaragua",
      "knownFlagshipLines": [
        "Habano Corojo",
        "Maduro"
      ],
      "name": "Guayacan Cigars",
      "reputationTier": "Boutique",
      "trustStatus": "Verified",
      "yearEstablished": 2011
    },
    {
      "privacyCompliant": true,
      "countryOfOrigin": "Dominican Republic",
      "knownFlagshipLines": [
        "Yaya Maduro",
        "Yaya Habano"
      ],
      "name": "Yaya Cigars (by CigarZona)",
      "reputationTier": "Boutique",
      "trustStatus": "Verified",
      "yearEstablished": 2021
    },
    {
      "privacyCompliant": true,
      "countryOfOrigin": "Nicaragua",
      "knownFlagshipLines": [
        "Siempre Sun Grown",
        "Siempre Rosado"
      ],
      "name": "Dapper Siempre Series",
      "reputationTier": "Boutique",
      "trustStatus": "Verified",
      "yearEstablished": 2016
    },
    {
      "privacyCompliant": true,
      "countryOfOrigin": "Nicaragua",
      "knownFlagshipLines": [
        "Nuggs Habano",
        "Nuggs Maduro"
      ],
      "name": "Jas Sum Kral Nuggs",
      "reputationTier": "Boutique",
      "trustStatus": "Verified",
      "yearEstablished": 2019
    },
    {
      "privacyCompliant": true,
      "countryOfOrigin": "Nicaragua",
      "knownFlagshipLines": [
        "Cohiba Nicaragua N54",
        "Cohiba Black"
      ],
      "name": "Cohiba Nicaragua (General Cigar)",
      "reputationTier": "Global",
      "trustStatus": "Verified",
      "yearEstablished": 2014
    },
    {
      "privacyCompliant": true,
      "countryOfOrigin": "Nicaragua",
      "knownFlagshipLines": [
        "Epicure",
        "Bull & Bear"
      ],
      "name": "Crux Cigars",
      "reputationTier": "Boutique",
      "trustStatus": "Verified",
      "yearEstablished": 2014
    },
    {
      "privacyCompliant": true,
      "countryOfOrigin": "Dominican Republic",
      "knownFlagshipLines": [
        "La Libertad Robusto",
        "Toro"
      ],
      "name": "La Libertad (Villiger Cigars)",
      "reputationTier": "Global",
      "trustStatus": "Verified",
      "yearEstablished": 2010
    },
    {
      "privacyCompliant": true,
      "countryOfOrigin": "Costa Rica",
      "knownFlagshipLines": [
        "Don Benigno Maduro",
        "Don Benigno Natural"
      ],
      "name": "Don Benigno Cigars",
      "reputationTier": "Legacy",
      "trustStatus": "Verified",
      "yearEstablished": 1999
    },
    {
      "privacyCompliant": true,
      "countryOfOrigin": "Nicaragua",
      "knownFlagshipLines": [
        "Casa Torres Nicaragua",
        "Casa Torres Maduro"
      ],
      "name": "Casa Torres Cigars",
      "reputationTier": "Boutique",
      "trustStatus": "Verified",
      "yearEstablished": 2017
    },
    {
      "privacyCompliant": true,
      "countryOfOrigin": "Dominican Republic",
      "knownFlagshipLines": [
        "Balmoral Anejo XO",
        "Balmoral Serie Signaturas"
      ],
      "name": "Balmoral Cigars (Royal Agio)",
      "reputationTier": "Legacy",
      "trustStatus": "Verified",
      "yearEstablished": 1895
    },
    {
      "privacyCompliant": true,
      "countryOfOrigin": "Dominican Republic",
      "knownFlagshipLines": [
        "Mr. White Gold Edition",
        "Mr. White El Presidente"
      ],
      "name": "Sinistro Mr. White Series",
      "reputationTier": "Boutique",
      "trustStatus": "Verified",
      "yearEstablished": 2016
    },
    {
      "privacyCompliant": true,
      "countryOfOrigin": "Honduras",
      "knownFlagshipLines": [
        "Black Series II Robusto",
        "Limited Edition 2023"
      ],
      "name": "Cavalier Gen\u00e8ve Black Series II",
      "reputationTier": "Ultra-Premium",
      "trustStatus": "Verified",
      "yearEstablished": 2018
    },
    {
      "privacyCompliant": true,
      "countryOfOrigin": "Nicaragua",
      "knownFlagshipLines": [
        "Elegancia",
        "Generoso"
      ],
      "name": "Ferio Tego Cigars",
      "reputationTier": "Ultra-Premium",
      "trustStatus": "Verified",
      "yearEstablished": 2021
    },
    {
      "privacyCompliant": true,
      "countryOfOrigin": "Dominican Republic",
      "knownFlagshipLines": [
        "Sangre Nueva Habano",
        "Sangre Nueva Maduro"
      ],
      "name": "Casa Cuevas Sangre Nueva",
      "reputationTier": "Boutique",
      "trustStatus": "Verified",
      "yearEstablished": 2022
    },
    {
      "privacyCompliant": true,
      "countryOfOrigin": "Nicaragua",
      "knownFlagshipLines": [
        "Tyrannical Buc",
        "Ristefari 2022"
      ],
      "name": "Ristefari Cigars (JSK)",
      "reputationTier": "Boutique",
      "trustStatus": "Verified",
      "yearEstablished": 2015
    },
    {
      "privacyCompliant": true,
      "countryOfOrigin": "Nicaragua",
      "knownFlagshipLines": [
        "Grand Apex Maduro",
        "Grand Apex Robusto"
      ],
      "name": "Reinado Grand Apex",
      "reputationTier": "Boutique",
      "trustStatus": "Verified",
      "yearEstablished": 2009
    },
    {
      "privacyCompliant": true,
      "countryOfOrigin": "Nicaragua",
      "knownFlagshipLines": [
        "Verocu No. 5",
        "Verocu Blue"
      ],
      "name": "Tatuaje Havana VI Verocu",
      "reputationTier": "Global",
      "trustStatus": "Verified",
      "yearEstablished": 2007
    },
    {
      "privacyCompliant": true,
      "countryOfOrigin": "Dominican Republic",
      "knownFlagshipLines": [
        "Edition Limitada",
        "Bellatto Habano"
      ],
      "name": "Bellatto Premium Cigars",
      "reputationTier": "Boutique",
      "trustStatus": "Verified",
      "yearEstablished": 2014
    },
    {
      "privacyCompliant": true,
      "countryOfOrigin": "Dominican Republic",
      "knownFlagshipLines": [
        "Maceda Legacy",
        "Maceda Maduro"
      ],
      "name": "Maceda Brand Cigars",
      "reputationTier": "Boutique",
      "trustStatus": "Verified",
      "yearEstablished": 2019
    },
    {
      "privacyCompliant": true,
      "countryOfOrigin": "Nicaragua",
      "knownFlagshipLines": [
        "The Pulse",
        "Friends and Family"
      ],
      "name": "Ohana Nui Cigars",
      "reputationTier": "Boutique",
      "trustStatus": "Verified",
      "yearEstablished": 2016
    },
    {
      "privacyCompliant": true,
      "countryOfOrigin": "Dominican Republic",
      "knownFlagshipLines": [
        "Nova Sultan",
        "Nova Mirage"
      ],
      "name": "Nova Platinum Cigars",
      "reputationTier": "Ultra-Premium",
      "trustStatus": "Verified",
      "yearEstablished": 2019
    },
    {
      "privacyCompliant": true,
      "countryOfOrigin": "Nicaragua",
      "knownFlagshipLines": [
        "Ramon Allones Toro",
        "Robusto"
      ],
      "name": "Ramon Allones by AJ Fernandez",
      "reputationTier": "Global",
      "trustStatus": "Verified",
      "yearEstablished": 2018
    },
    {
      "privacyCompliant": true,
      "countryOfOrigin": "Nicaragua",
      "knownFlagshipLines": [
        "Knuckle Sandwich Maduro",
        "Habano"
      ],
      "name": "Espinosa Knuckle Sandwich",
      "reputationTier": "Global",
      "trustStatus": "Verified",
      "yearEstablished": 2022
    },
    {
      "privacyCompliant": true,
      "countryOfOrigin": "Dominican Republic",
      "knownFlagshipLines": [
        "Salt of the Earth",
        "El Legado"
      ],
      "name": "Don Doroteo Legacy Collection",
      "reputationTier": "Boutique",
      "trustStatus": "Verified",
      "yearEstablished": 2021
    },
    {
      "privacyCompliant": true,
      "countryOfOrigin": "Nicaragua",
      "knownFlagshipLines": [
        "Sommelier",
        "N\u00e9gociant"
      ],
      "name": "Somm Cigars",
      "reputationTier": "Boutique",
      "trustStatus": "Verified",
      "yearEstablished": 2023
    },
    {
      "privacyCompliant": true,
      "countryOfOrigin": "Dominican Republic",
      "knownFlagshipLines": [
        "Montecristo",
        "Romeo y Julieta",
        "H. Upmann"
      ],
      "name": "Tabacalera de Garcia (Non-Cuban)",
      "reputationTier": "Legacy",
      "trustStatus": "Verified",
      "yearEstablished": 1969
    },
    {
      "privacyCompliant": true,
      "countryOfOrigin": "Nicaragua",
      "knownFlagshipLines": [
        "El Pulpo Toro",
        "El Pulpo Robusto"
      ],
      "name": "El Pulpo by Artesano Del Tobacco",
      "reputationTier": "Ultra-Premium",
      "trustStatus": "Verified",
      "yearEstablished": 2023
    },
    {
      "privacyCompliant": true,
      "countryOfOrigin": "Dominican Republic",
      "knownFlagshipLines": [
        "Serena",
        "Oscura",
        "Quadrata"
      ],
      "name": "Matilde Cigars",
      "reputationTier": "Boutique",
      "trustStatus": "Verified",
      "yearEstablished": 2014
    },
    {
      "privacyCompliant": true,
      "countryOfOrigin": "Dominican Republic",
      "knownFlagshipLines": [
        "Domenico Double Ligero",
        "Domenico 10th Anniversary"
      ],
      "name": "Domenico Cigars",
      "reputationTier": "Boutique",
      "trustStatus": "Verified",
      "yearEstablished": 2009
    },
    {
      "privacyCompliant": true,
      "countryOfOrigin": "Honduras",
      "knownFlagshipLines": [
        "Unhinged",
        "Deranged"
      ],
      "name": "Wynwood Hills by CLE",
      "reputationTier": "Boutique",
      "trustStatus": "Verified",
      "yearEstablished": 2018
    },
    {
      "privacyCompliant": true,
      "countryOfOrigin": "Dominican Republic",
      "knownFlagshipLines": [
        "Doble Maduro",
        "Doble Connecticut"
      ],
      "name": "Casa Doble Cigars",
      "reputationTier": "Boutique",
      "trustStatus": "Verified",
      "yearEstablished": 2017
    },
    {
      "privacyCompliant": true,
      "countryOfOrigin": "Nicaragua",
      "knownFlagshipLines": [
        "Suave Robusto",
        "Suave Toro"
      ],
      "name": "Emilio Suave Series",
      "reputationTier": "Boutique",
      "trustStatus": "Verified",
      "yearEstablished": 2017
    },
    {
      "privacyCompliant": true,
      "countryOfOrigin": "Italy",
      "knownFlagshipLines": [
        "Toscano Classico",
        "Antico"
      ],
      "name": "Toscano Cigars",
      "reputationTier": "Legacy",
      "trustStatus": "Verified",
      "yearEstablished": 1818
    },
    {
      "privacyCompliant": true,
      "countryOfOrigin": "Nicaragua",
      "knownFlagshipLines": [
        "La Sirena Original",
        "LTZ"
      ],
      "name": "La Sirena Original Series",
      "reputationTier": "Global",
      "trustStatus": "Verified",
      "yearEstablished": 2009
    },
    {
      "privacyCompliant": true,
      "countryOfOrigin": "Dominican Republic",
      "knownFlagshipLines": [
        "Viento",
        "Martinique"
      ],
      "name": "Principle Aviator Series",
      "reputationTier": "Ultra-Premium",
      "trustStatus": "Verified",
      "yearEstablished": 2014
    },
    {
      "privacyCompliant": true,
      "countryOfOrigin": "Honduras",
      "knownFlagshipLines": [
        "Eiroa Classic",
        "Eiroa CBT Maduro"
      ],
      "name": "Eiroa Cigars",
      "reputationTier": "Global",
      "trustStatus": "Verified",
      "yearEstablished": 2013
    },
    {
      "privacyCompliant": true,
      "countryOfOrigin": "Nicaragua",
      "knownFlagshipLines": [
        "BV560",
        "BV500"
      ],
      "name": "Curivari Buenaventura",
      "reputationTier": "Boutique",
      "trustStatus": "Verified",
      "yearEstablished": 2012
    },
    {
      "privacyCompliant": true,
      "countryOfOrigin": "Dominican Republic",
      "knownFlagshipLines": [
        "Cesar Natural",
        "Cesar Maduro"
      ],
      "name": "Flor de Cesar Cigars",
      "reputationTier": "Boutique",
      "trustStatus": "Verified",
      "yearEstablished": 2015
    },
    {
      "privacyCompliant": true,
      "countryOfOrigin": "Nicaragua",
      "knownFlagshipLines": [
        "Gold Series",
        "Black Label"
      ],
      "name": "Casa Habano Cigars",
      "reputationTier": "Boutique",
      "trustStatus": "Verified",
      "yearEstablished": 2010
    },
    {
      "privacyCompliant": true,
      "countryOfOrigin": "Dominican Republic",
      "knownFlagshipLines": [
        "Don Rafa Maduro",
        "Don Rafa Connecticut"
      ],
      "name": "Don Rafa Cigars",
      "reputationTier": "Boutique",
      "trustStatus": "Verified",
      "yearEstablished": 1999
    },
    {
      "privacyCompliant": true,
      "countryOfOrigin": "Dominican Republic",
      "knownFlagshipLines": [
        "Hoja de Flores",
        "Cabinet Reserva"
      ],
      "name": "La Hoja Cigar Co.",
      "reputationTier": "Legacy",
      "trustStatus": "Verified",
      "yearEstablished": 1994
    },
    {
      "privacyCompliant": true,
      "countryOfOrigin": "USA",
      "knownFlagshipLines": [
        "Casa Montecristo Exclusive",
        "Anniversary Series"
      ],
      "name": "Casa Montecristo (Non-Cuban Retail Brand)",
      "reputationTier": "Boutique",
      "trustStatus": "Verified",
      "yearEstablished": 2008
    },
    {
      "privacyCompliant": true,
      "countryOfOrigin": "Nicaragua",
      "knownFlagshipLines": [
        "La Vencedora Robusto",
        "Toro"
      ],
      "name": "Villiger La Vencedora",
      "reputationTier": "Global",
      "trustStatus": "Verified",
      "yearEstablished": 2017
    },
    {
      "privacyCompliant": true,
      "countryOfOrigin": "Nicaragua",
      "knownFlagshipLines": [
        "Maria Lucia Toro",
        "Maria Lucia Robusto"
      ],
      "name": "Maria Lucia by ACE Prime",
      "reputationTier": "Ultra-Premium",
      "trustStatus": "Verified",
      "yearEstablished": 2022
    },
    {
      "privacyCompliant": true,
      "countryOfOrigin": "Nicaragua",
      "knownFlagshipLines": [
        "Escobar Maduro",
        "Escobar Natural"
      ],
      "name": "Escobar Cigars by Nas",
      "reputationTier": "Boutique",
      "trustStatus": "Verified",
      "yearEstablished": 2021
    },
    {
      "privacyCompliant": true,
      "countryOfOrigin": "Nicaragua",
      "knownFlagshipLines": [
        "Elogio Habano",
        "Elogio LSV"
      ],
      "name": "Elogio Cigars",
      "reputationTier": "Boutique",
      "trustStatus": "Verified",
      "yearEstablished": 2010
    },
    {
      "privacyCompliant": true,
      "countryOfOrigin": "Nicaragua",
      "knownFlagshipLines": [
        "Favilli Cosecha",
        "Favilli Linea Classica"
      ],
      "name": "Casa Favilli",
      "reputationTier": "Ultra-Premium",
      "trustStatus": "Verified",
      "yearEstablished": 2016
    },
    {
      "privacyCompliant": true,
      "countryOfOrigin": "Dominican Republic",
      "knownFlagshipLines": [
        "Tres Reynas Robusto",
        "Toro"
      ],
      "name": "Tres Reynas (Quesada + Garcia Collab)",
      "reputationTier": "Boutique",
      "trustStatus": "Verified",
      "yearEstablished": 2012
    },
    {
      "privacyCompliant": true,
      "countryOfOrigin": "Nicaragua",
      "knownFlagshipLines": [
        "Santa Fe Maduro",
        "Connecticut Reserve"
      ],
      "name": "Finca Santa Fe Cigars",
      "reputationTier": "Boutique",
      "trustStatus": "Verified",
      "yearEstablished": 2013
    },
    {
      "privacyCompliant": true,
      "countryOfOrigin": "Dominican Republic",
      "knownFlagshipLines": [
        "El Mago Maduro",
        "El Mago Habano"
      ],
      "name": "El Mago Cigars",
      "reputationTier": "Boutique",
      "trustStatus": "Verified",
      "yearEstablished": 2015
    },
    {
      "privacyCompliant": true,
      "countryOfOrigin": "Costa Rica",
      "knownFlagshipLines": [
        "Spirit of Art",
        "Via Havana"
      ],
      "name": "Cuba Rica Cigar Co.",
      "reputationTier": "Boutique",
      "trustStatus": "Verified",
      "yearEstablished": 2013
    },
    {
      "privacyCompliant": true,
      "countryOfOrigin": "Nicaragua",
      "knownFlagshipLines": [
        "Yunior Gold",
        "Yunior Black"
      ],
      "name": "Yunior Cigars",
      "reputationTier": "Boutique",
      "trustStatus": "Verified",
      "yearEstablished": 2018
    },
    {
      "privacyCompliant": true,
      "countryOfOrigin": "Dominican Republic",
      "knownFlagshipLines": [
        "DBL Extra Viejo",
        "Formula"
      ],
      "name": "Dominican Big Leaguer (DBL) Extra Viejo",
      "reputationTier": "Boutique",
      "trustStatus": "Verified",
      "yearEstablished": 2013
    },
    {
      "privacyCompliant": true,
      "countryOfOrigin": "Dominican Republic",
      "knownFlagshipLines": [
        "Inception",
        "Robusto Deluxe"
      ],
      "name": "Casa De Sue\u00f1os",
      "reputationTier": "Boutique",
      "trustStatus": "Verified",
      "yearEstablished": 2014
    },
    {
      "privacyCompliant": true,
      "countryOfOrigin": "Honduras",
      "knownFlagshipLines": [
        "Linga Legacy",
        "Linga Natural"
      ],
      "name": "Linga Cigars",
      "reputationTier": "Boutique",
      "trustStatus": "Verified",
      "yearEstablished": 2016
    },
    {
      "privacyCompliant": true,
      "countryOfOrigin": "Nicaragua",
      "knownFlagshipLines": [
        "Art of Magic",
        "Gold Series"
      ],
      "name": "Vintage Rock-A-Feller Cigar Group",
      "reputationTier": "Boutique",
      "trustStatus": "Verified",
      "yearEstablished": 2010
    },
    {
      "privacyCompliant": true,
      "countryOfOrigin": "Nicaragua",
      "knownFlagshipLines": [
        "Blue Label",
        "Epiphany"
      ],
      "name": "El Primer Mundo",
      "reputationTier": "Boutique",
      "trustStatus": "Verified",
      "yearEstablished": 2006
    },
    {
      "privacyCompliant": true,
      "countryOfOrigin": "Nicaragua",
      "knownFlagshipLines": [
        "La Jugada",
        "The Rake"
      ],
      "name": "MoyaRuiz Cigars",
      "reputationTier": "Boutique",
      "trustStatus": "Verified",
      "yearEstablished": 2013
    },
    {
      "privacyCompliant": true,
      "countryOfOrigin": "Dominican Republic",
      "knownFlagshipLines": [
        "Se\u00f1orial",
        "Saga Short Tales"
      ],
      "name": "Las Cumbres Tabaco",
      "reputationTier": "Global",
      "trustStatus": "Verified",
      "yearEstablished": 2014
    },
    {
      "privacyCompliant": true,
      "countryOfOrigin": "Honduras",
      "knownFlagshipLines": [
        "Inner Circle Domain",
        "Inner Circle Limited"
      ],
      "name": "Cavalier Gen\u00e8ve Inner Circle",
      "reputationTier": "Ultra-Premium",
      "trustStatus": "Verified",
      "yearEstablished": 2022
    },
    {
      "privacyCompliant": true,
      "countryOfOrigin": "Nicaragua",
      "knownFlagshipLines": [
        "Oro de Nicaragua Toro",
        "Oro de Nicaragua Robusto"
      ],
      "name": "Patina Oro de Nicaragua",
      "reputationTier": "Ultra-Premium",
      "trustStatus": "Verified",
      "yearEstablished": 2023
    },
    {
      "privacyCompliant": true,
      "countryOfOrigin": "Dominican Republic",
      "knownFlagshipLines": [
        "Don Fausto Connecticut",
        "Don Fausto Maduro"
      ],
      "name": "Don Fausto Cigars",
      "reputationTier": "Boutique",
      "trustStatus": "Verified",
      "yearEstablished": 2015
    },
    {
      "privacyCompliant": true,
      "countryOfOrigin": "Dominican Republic",
      "knownFlagshipLines": [
        "Casa Carrillo Rosado",
        "Casa Carrillo Maduro"
      ],
      "name": "Casa Carrillo",
      "reputationTier": "Boutique",
      "trustStatus": "Verified",
      "yearEstablished": 2020
    },
    {
      "privacyCompliant": true,
      "countryOfOrigin": "Dominican Republic",
      "knownFlagshipLines": [
        "Queen\u2019s Pearls",
        "King\u2019s Gold"
      ],
      "name": "Adventura The Royal Return",
      "reputationTier": "Ultra-Premium",
      "trustStatus": "Verified",
      "yearEstablished": 2018
    },
    {
      "privacyCompliant": true,
      "countryOfOrigin": "Nicaragua",
      "knownFlagshipLines": [
        "K Maduro",
        "K Habano"
      ],
      "name": "K by Karen Berger",
      "reputationTier": "Boutique",
      "trustStatus": "Verified",
      "yearEstablished": 2016
    },
    {
      "privacyCompliant": true,
      "countryOfOrigin": "Costa Rica",
      "knownFlagshipLines": [
        "Alexander",
        "Napoleon",
        "Augustus"
      ],
      "name": "El Septimo Emperor Collection",
      "reputationTier": "Ultra-Premium",
      "trustStatus": "Verified",
      "yearEstablished": 2021
    },
    {
      "privacyCompliant": true,
      "countryOfOrigin": "Honduras",
      "knownFlagshipLines": [
        "Sabor Cubano Original",
        "Gran Reserva"
      ],
      "name": "Sabor Cubano Cigars",
      "reputationTier": "Boutique",
      "trustStatus": "Verified",
      "yearEstablished": 2012
    },
    {
      "privacyCompliant": true,
      "countryOfOrigin": "Nicaragua",
      "knownFlagshipLines": [
        "Cumpay Volcano",
        "Cumpay Robusto"
      ],
      "name": "Cumpay Nicaragua",
      "reputationTier": "Global",
      "trustStatus": "Verified",
      "yearEstablished": 1999
    },
    {
      "privacyCompliant": true,
      "countryOfOrigin": "Dominican Republic",
      "knownFlagshipLines": [
        "1844 Classic",
        "1844 Heritage"
      ],
      "name": "Tabacalera 1844",
      "reputationTier": "Global",
      "trustStatus": "Verified",
      "yearEstablished": 2015
    },
    {
      "privacyCompliant": true,
      "countryOfOrigin": "Dominican Republic",
      "knownFlagshipLines": [
        "Hermanos Classic",
        "Hermanos Reserva"
      ],
      "name": "Tres Hermanos Cigars",
      "reputationTier": "Boutique",
      "trustStatus": "Verified",
      "yearEstablished": 2019
    },
    {
      "privacyCompliant": true,
      "countryOfOrigin": "Nicaragua",
      "knownFlagshipLines": [
        "Habano Especial",
        "Cubana Maduro"
      ],
      "name": "Casa Cubana Cigars",
      "reputationTier": "Boutique",
      "trustStatus": "Verified",
      "yearEstablished": 2012
    },
    {
      "privacyCompliant": true,
      "countryOfOrigin": "Dominican Republic",
      "knownFlagshipLines": [
        "2018 Edition",
        "2021 Edition"
      ],
      "name": "Davidoff Chef\u2019s Edition",
      "reputationTier": "Ultra-Premium",
      "trustStatus": "Verified",
      "yearEstablished": 2016
    },
    {
      "privacyCompliant": true,
      "countryOfOrigin": "Nicaragua",
      "knownFlagshipLines": [
        "10th Anniversary Toro",
        "Selectos"
      ],
      "name": "HVC 10th Anniversary",
      "reputationTier": "Ultra-Premium",
      "trustStatus": "Verified",
      "yearEstablished": 2021
    },
    {
      "privacyCompliant": true,
      "countryOfOrigin": "Nicaragua",
      "knownFlagshipLines": [
        "Esteban Maduro",
        "Esteban Natural"
      ],
      "name": "Leaf by Esteban",
      "reputationTier": "Boutique",
      "trustStatus": "Verified",
      "yearEstablished": 2017
    },
    {
      "privacyCompliant": true,
      "countryOfOrigin": "Dominican Republic",
      "knownFlagshipLines": [
        "Gran A\u00f1ejo Reserva",
        "Brazil"
      ],
      "name": "Patoro Cigars",
      "reputationTier": "Boutique",
      "trustStatus": "Verified",
      "yearEstablished": 2001
    },
    {
      "privacyCompliant": true,
      "countryOfOrigin": "Nicaragua",
      "knownFlagshipLines": [
        "Zino Nicaragua Toro",
        "Robusto"
      ],
      "name": "Zino Nicaragua",
      "reputationTier": "Global",
      "trustStatus": "Verified",
      "yearEstablished": 2021
    },
    {
      "privacyCompliant": true,
      "countryOfOrigin": "Italy",
      "knownFlagshipLines": [
        "Toscanello Rosso",
        "Toscanello Vaniglia"
      ],
      "name": "Toscanello Cigars",
      "reputationTier": "Legacy",
      "trustStatus": "Verified",
      "yearEstablished": 1948
    },
    {
      "privacyCompliant": true,
      "countryOfOrigin": "Nicaragua",
      "knownFlagshipLines": [
        "War Witch",
        "Dark War Witch"
      ],
      "name": "Black Star Line Cigars",
      "reputationTier": "Boutique",
      "trustStatus": "Verified",
      "yearEstablished": 2019
    },
    {
      "privacyCompliant": true,
      "countryOfOrigin": "Dominican Republic",
      "knownFlagshipLines": [
        "Cabal Original",
        "Cabal Black"
      ],
      "name": "Cabal Cigars",
      "reputationTier": "Boutique",
      "trustStatus": "Verified",
      "yearEstablished": 2013
    },
    {
      "privacyCompliant": true,
      "countryOfOrigin": "Nicaragua",
      "knownFlagshipLines": [
        "BDX I",
        "BDX II"
      ],
      "name": "Somm BDX Series",
      "reputationTier": "Ultra-Premium",
      "trustStatus": "Verified",
      "yearEstablished": 2023
    },
    {
      "privacyCompliant": true,
      "countryOfOrigin": "Nicaragua",
      "knownFlagshipLines": [
        "Full Body Cast",
        "Morning Star"
      ],
      "name": "Boneshaker Cigars",
      "reputationTier": "Boutique",
      "trustStatus": "Verified",
      "yearEstablished": 2012
    },
    {
      "privacyCompliant": true,
      "countryOfOrigin": "Dominican Republic",
      "knownFlagshipLines": [
        "Dos77",
        "Papa Chog\u00fc\u00ed"
      ],
      "name": "Chog\u00fc\u00ed Cigars",
      "reputationTier": "Boutique",
      "trustStatus": "Verified",
      "yearEstablished": 2014
    },
    {
      "privacyCompliant": true,
      "countryOfOrigin": "Nicaragua",
      "knownFlagshipLines": [
        "The Sergeant Robusto",
        "Box Pressed"
      ],
      "name": "A.C.E. Prime The Sergeant",
      "reputationTier": "Boutique",
      "trustStatus": "Verified",
      "yearEstablished": 2021
    },
    {
      "privacyCompliant": true,
      "countryOfOrigin": "Honduras",
      "knownFlagshipLines": [
        "Flor de Selva No. 20",
        "Anniversary Robusto"
      ],
      "name": "Maya Selva Flor de Selva 25 Aniversario",
      "reputationTier": "Ultra-Premium",
      "trustStatus": "Verified",
      "yearEstablished": 2020
    },
    {
      "privacyCompliant": true,
      "countryOfOrigin": "Nicaragua",
      "knownFlagshipLines": [
        "Toro",
        "Robusto"
      ],
      "name": "Casa Magna Jalapa Claro",
      "reputationTier": "Global",
      "trustStatus": "Verified",
      "yearEstablished": 2021
    },
    {
      "privacyCompliant": true,
      "countryOfOrigin": "Honduras",
      "knownFlagshipLines": [
        "Gran Robusto",
        "Churchill"
      ],
      "name": "Gran Habano Blue in Green",
      "reputationTier": "Global",
      "trustStatus": "Verified",
      "yearEstablished": 2018
    },
    {
      "privacyCompliant": true,
      "countryOfOrigin": "Dominican Republic",
      "knownFlagshipLines": [
        "The Circus Super Toro",
        "Lonsdale"
      ],
      "name": "The Circus by Caldwell",
      "reputationTier": "Boutique",
      "trustStatus": "Verified",
      "yearEstablished": 2022
    },
    {
      "privacyCompliant": true,
      "countryOfOrigin": "Mexico",
      "knownFlagshipLines": [
        "San Andres Maduro",
        "Reserva Especial"
      ],
      "name": "Finca San Andres Cigars",
      "reputationTier": "Boutique",
      "trustStatus": "Verified",
      "yearEstablished": 2016
    },
    {
      "privacyCompliant": true,
      "countryOfOrigin": "Nicaragua",
      "knownFlagshipLines": [
        "Robusto",
        "Toro"
      ],
      "name": "Villiger 1888 Nicaragua",
      "reputationTier": "Legacy",
      "trustStatus": "Verified",
      "yearEstablished": 2020
    },
    {
      "privacyCompliant": true,
      "countryOfOrigin": "Dominican Republic",
      "knownFlagshipLines": [
        "Reserva Especial",
        "Limited Edition Maduro"
      ],
      "name": "Valentino Siesto Cigars",
      "reputationTier": "Ultra-Premium",
      "trustStatus": "Verified",
      "yearEstablished": 2014
    },
    {
      "privacyCompliant": true,
      "countryOfOrigin": "Mexico",
      "knownFlagshipLines": [
        "1880 Claro",
        "1880 Maduro"
      ],
      "name": "Casa Turrent 1880 Series",
      "reputationTier": "Global",
      "trustStatus": "Verified",
      "yearEstablished": 2015
    },
    {
      "privacyCompliant": true,
      "countryOfOrigin": "Costa Rica",
      "knownFlagshipLines": [
        "Alfonso Extra A\u00f1ejo",
        "Gran Selecci\u00f3n"
      ],
      "name": "Alfonso by Selected Tobacco",
      "reputationTier": "Ultra-Premium",
      "trustStatus": "Verified",
      "yearEstablished": 2022
    },
    {
      "privacyCompliant": true,
      "countryOfOrigin": "Honduras",
      "knownFlagshipLines": [
        "Genesis The Project",
        "Olancho"
      ],
      "name": "Ramon Bueso Cigars",
      "reputationTier": "Boutique",
      "trustStatus": "Verified",
      "yearEstablished": 2012
    },
    {
      "privacyCompliant": true,
      "countryOfOrigin": "USA",
      "knownFlagshipLines": [
        "Laguito No. 2",
        "Prominente"
      ],
      "name": "La Palina Goldie Series",
      "reputationTier": "Ultra-Premium",
      "trustStatus": "Verified",
      "yearEstablished": 2012
    },
    {
      "privacyCompliant": true,
      "countryOfOrigin": "Nicaragua",
      "knownFlagshipLines": [
        "The Emperors Gold",
        "Midnight Blaq"
      ],
      "name": "Emperor's Collection by Emperors Cut",
      "reputationTier": "Ultra-Premium",
      "trustStatus": "Verified",
      "yearEstablished": 2023
    },
    {
      "privacyCompliant": true,
      "countryOfOrigin": "Honduras",
      "knownFlagshipLines": [
        "San Andres Maduro",
        "Sumatra"
      ],
      "name": "Kafie 1901 Cigars",
      "reputationTier": "Boutique",
      "trustStatus": "Verified",
      "yearEstablished": 2013
    },
    {
      "privacyCompliant": true,
      "countryOfOrigin": "Dominican Republic",
      "knownFlagshipLines": [
        "SuperEgo",
        "Agape"
      ],
      "name": "Freud Cigar Co.",
      "reputationTier": "Boutique",
      "trustStatus": "Verified",
      "yearEstablished": 2022
    },
    {
      "privacyCompliant": true,
      "countryOfOrigin": "Costa Rica",
      "knownFlagshipLines": [
        "Da Vinci",
        "Michelangelo"
      ],
      "name": "El Septimo Sacred Arts Collection",
      "reputationTier": "Ultra-Premium",
      "trustStatus": "Verified",
      "yearEstablished": 2020
    },
    {
      "privacyCompliant": true,
      "countryOfOrigin": "Dominican Republic",
      "knownFlagshipLines": [
        "Imperiale",
        "Royal Return"
      ],
      "name": "Chateau Diadem Cigars",
      "reputationTier": "Ultra-Premium",
      "trustStatus": "Verified",
      "yearEstablished": 2021
    },
    {
      "privacyCompliant": true,
      "countryOfOrigin": "Dominican Republic",
      "knownFlagshipLines": [
        "Viento",
        "Martinique"
      ],
      "name": "Principle Cigars Aviator Series",
      "reputationTier": "Ultra-Premium",
      "trustStatus": "Verified",
      "yearEstablished": 2013
    },
    {
      "privacyCompliant": true,
      "countryOfOrigin": "Dominican Republic",
      "knownFlagshipLines": [
        "Good Trouble",
        "ATL Black"
      ],
      "name": "ATL Cigar Co.",
      "reputationTier": "Boutique",
      "trustStatus": "Verified",
      "yearEstablished": 2020
    },
    {
      "privacyCompliant": true,
      "countryOfOrigin": "Nicaragua",
      "knownFlagshipLines": [
        "Habano",
        "Broadleaf"
      ],
      "name": "Powstanie Cigars",
      "reputationTier": "Boutique",
      "trustStatus": "Verified",
      "yearEstablished": 2015
    },
    {
      "privacyCompliant": true,
      "countryOfOrigin": "Dominican Republic",
      "knownFlagshipLines": [
        "El Legado",
        "Salt of the Earth"
      ],
      "name": "Don Doroteo Cigars",
      "reputationTier": "Boutique",
      "trustStatus": "Verified",
      "yearEstablished": 2022
    },
    {
      "privacyCompliant": true,
      "countryOfOrigin": "Nicaragua",
      "knownFlagshipLines": [
        "Red Label",
        "Brown Label"
      ],
      "name": "Don Kiki Cigars",
      "reputationTier": "Legacy",
      "trustStatus": "Verified",
      "yearEstablished": 1990
    },
    {
      "privacyCompliant": true,
      "countryOfOrigin": "Dominican Republic",
      "knownFlagshipLines": [
        "Lure Maduro",
        "Lure Habano"
      ],
      "name": "Lure Cigars",
      "reputationTier": "Boutique",
      "trustStatus": "Verified",
      "yearEstablished": 2021
    },
    {
      "privacyCompliant": true,
      "countryOfOrigin": "Nicaragua",
      "knownFlagshipLines": [
        "Cabaiguan Imperiales",
        "Guapo"
      ],
      "name": "Tatuaje Cabaiguan",
      "reputationTier": "Global",
      "trustStatus": "Verified",
      "yearEstablished": 2006
    },
    {
      "privacyCompliant": true,
      "countryOfOrigin": "Dominican Republic",
      "knownFlagshipLines": [
        "Buffalo TEN",
        "Big Papi"
      ],
      "name": "El Artista Cigars",
      "reputationTier": "Global",
      "trustStatus": "Verified",
      "yearEstablished": 1956
    },
    {
      "privacyCompliant": true,
      "countryOfOrigin": "Dominican Republic",
      "knownFlagshipLines": [
        "Gold Series",
        "J London Original"
      ],
      "name": "J London Cigars",
      "reputationTier": "Ultra-Premium",
      "trustStatus": "Verified",
      "yearEstablished": 2019
    },
    {
      "privacyCompliant": true,
      "countryOfOrigin": "Honduras",
      "knownFlagshipLines": [
        "Reserva Robusto",
        "Reserva Soberano"
      ],
      "name": "Maya Selva Villa Zamorano Reserva",
      "reputationTier": "Global",
      "trustStatus": "Verified",
      "yearEstablished": 2020
    },
    {
      "privacyCompliant": true,
      "countryOfOrigin": "Honduras",
      "knownFlagshipLines": [
        "13th Anniversary Toro",
        "Anniversary Robusto"
      ],
      "name": "Room101 13th Anniversary",
      "reputationTier": "Ultra-Premium",
      "trustStatus": "Verified",
      "yearEstablished": 2022
    },
    {
      "privacyCompliant": true,
      "countryOfOrigin": "Dominican Republic",
      "knownFlagshipLines": [
        "Purple",
        "Ricochet"
      ],
      "name": "La Barba Cigars",
      "reputationTier": "Boutique",
      "trustStatus": "Verified",
      "yearEstablished": 2013
    },
    {
      "privacyCompliant": true,
      "countryOfOrigin": "Mexico",
      "knownFlagshipLines": [
        "Cuchillo Parado",
        "Revolution"
      ],
      "name": "Casa 1910 Cuchillo Parado",
      "reputationTier": "Boutique",
      "trustStatus": "Verified",
      "yearEstablished": 2021
    },
    {
      "privacyCompliant": true,
      "countryOfOrigin": "Nicaragua",
      "knownFlagshipLines": [
        "Don Nelo Series",
        "Caraballo 828"
      ],
      "name": "Casa Caraballo Cigars",
      "reputationTier": "Boutique",
      "trustStatus": "Verified",
      "yearEstablished": 2016
    },
    {
      "privacyCompliant": true,
      "countryOfOrigin": "Nicaragua",
      "knownFlagshipLines": [
        "Mad Minnow",
        "Rivers Series"
      ],
      "name": "Big Sky Cigars",
      "reputationTier": "Boutique",
      "trustStatus": "Verified",
      "yearEstablished": 2019
    },
    {
      "privacyCompliant": true,
      "countryOfOrigin": "Nicaragua",
      "knownFlagshipLines": [
        "Blue Label",
        "JJ Maduro"
      ],
      "name": "Don Pepin Garcia Original",
      "reputationTier": "Legacy",
      "trustStatus": "Verified",
      "yearEstablished": 2003
    },
    {
      "privacyCompliant": true,
      "countryOfOrigin": "Nicaragua",
      "knownFlagshipLines": [
        "El Pulpo Robusto",
        "El Pulpo Toro"
      ],
      "name": "Artesano Del Tobacco El Pulpo",
      "reputationTier": "Ultra-Premium",
      "trustStatus": "Verified",
      "yearEstablished": 2023
    },
    {
      "privacyCompliant": true,
      "countryOfOrigin": "Nicaragua",
      "knownFlagshipLines": [
        "Aniversario Maduro",
        "Connecticut"
      ],
      "name": "Aganorsa Leaf Aniversario",
      "reputationTier": "Global",
      "trustStatus": "Verified",
      "yearEstablished": 2013
    },
    {
      "privacyCompliant": true,
      "countryOfOrigin": "Dominican Republic",
      "knownFlagshipLines": [
        "La Pureza",
        "Prominente"
      ],
      "name": "Falto Cigars",
      "reputationTier": "Boutique",
      "trustStatus": "Verified",
      "yearEstablished": 1995
    },
    {
      "privacyCompliant": true,
      "countryOfOrigin": "Various",
      "knownFlagshipLines": [
        "Choshi",
        "Vulcan"
      ],
      "name": "Luxury Cigar Club Privada",
      "reputationTier": "Boutique",
      "trustStatus": "Verified",
      "yearEstablished": 2018
    },
    {
      "privacyCompliant": true,
      "countryOfOrigin": "Nicaragua",
      "knownFlagshipLines": [
        "Habano",
        "San Andr\u00e9s"
      ],
      "name": "Pichardo Reserva Familiar",
      "reputationTier": "Boutique",
      "trustStatus": "Verified",
      "yearEstablished": 2019
    },
    {
      "privacyCompliant": true,
      "countryOfOrigin": "Nicaragua",
      "knownFlagshipLines": [
        "Serino Royale",
        "Taino Heritage"
      ],
      "name": "Serino Cigar Co.",
      "reputationTier": "Boutique",
      "trustStatus": "Verified",
      "yearEstablished": 2016
    },
    {
      "privacyCompliant": true,
      "countryOfOrigin": "Honduras",
      "knownFlagshipLines": [
        "Maduro",
        "Natural"
      ],
      "name": "Gran Habano Persian King",
      "reputationTier": "Global",
      "trustStatus": "Verified",
      "yearEstablished": 2010
    },
    {
      "privacyCompliant": true,
      "countryOfOrigin": "Dominican Republic",
      "knownFlagshipLines": [
        "Herbert Spencer",
        "Gourmet Collection"
      ],
      "name": "Jake Wyatt Cigar Co.",
      "reputationTier": "Boutique",
      "trustStatus": "Verified",
      "yearEstablished": 2020
    },
    {
      "privacyCompliant": true,
      "countryOfOrigin": "USA",
      "knownFlagshipLines": [
        "The American Toro",
        "Double Robusto"
      ],
      "name": "The American by J.C. Newman",
      "reputationTier": "Ultra-Premium",
      "trustStatus": "Verified",
      "yearEstablished": 2019
    },
    {
      "privacyCompliant": true,
      "countryOfOrigin": "Nicaragua",
      "knownFlagshipLines": [
        "Unstolen Valor",
        "The Bewitched"
      ],
      "name": "Muestra de Saka",
      "reputationTier": "Ultra-Premium",
      "trustStatus": "Verified",
      "yearEstablished": 2017
    },
    {
      "privacyCompliant": true,
      "countryOfOrigin": "Honduras",
      "knownFlagshipLines": [
        "Fine & Rare HOF/506",
        "Fine & Rare BC-(13)4EV"
      ],
      "name": "Alec Bradley Fine & Rare",
      "reputationTier": "Ultra-Premium",
      "trustStatus": "Verified",
      "yearEstablished": 2011
    },
    {
      "privacyCompliant": true,
      "countryOfOrigin": "Nicaragua",
      "knownFlagshipLines": [
        "Friends and Family",
        "The Pulse"
      ],
      "name": "Ohana Nui Cigars",
      "reputationTier": "Boutique",
      "trustStatus": "Verified",
      "yearEstablished": 2016
    },
    {
      "privacyCompliant": true,
      "countryOfOrigin": "Nicaragua",
      "knownFlagshipLines": [
        "Habano",
        "Maduro"
      ],
      "name": "Patina Cigars",
      "reputationTier": "Boutique",
      "trustStatus": "Verified",
      "yearEstablished": 2017
    },
    {
      "privacyCompliant": true,
      "countryOfOrigin": "Dominican Republic",
      "knownFlagshipLines": [
        "Prequel",
        "Sojourn"
      ],
      "name": "E.P. Carrillo Pledge",
      "reputationTier": "Ultra-Premium",
      "trustStatus": "Verified",
      "yearEstablished": 2020
    },
    {
      "privacyCompliant": true,
      "countryOfOrigin": "Dominican Republic",
      "knownFlagshipLines": [
        "Hors d\u2019Age 2017",
        "Hors d\u2019Age 2020"
      ],
      "name": "La Aurora Hors d\u2019Age",
      "reputationTier": "Ultra-Premium",
      "trustStatus": "Verified",
      "yearEstablished": 2018
    },
    {
      "privacyCompliant": true,
      "countryOfOrigin": "Nicaragua",
      "knownFlagshipLines": [
        "Sherry Cask",
        "PX Sherry Cask"
      ],
      "name": "Diesel Whiskey Row",
      "reputationTier": "Global",
      "trustStatus": "Verified",
      "yearEstablished": 2018
    },
    {
      "privacyCompliant": true,
      "countryOfOrigin": "Nicaragua",
      "knownFlagshipLines": [
        "NBK",
        "Killer Bee"
      ],
      "name": "Black Works Studio",
      "reputationTier": "Boutique",
      "trustStatus": "Verified",
      "yearEstablished": 2015
    },
    {
      "privacyCompliant": true,
      "countryOfOrigin": "Nicaragua",
      "knownFlagshipLines": [
        "Nuggs Maduro",
        "Nuggs Habano"
      ],
      "name": "Jas Sum Kral Nuggs",
      "reputationTier": "Boutique",
      "trustStatus": "Verified",
      "yearEstablished": 2019
    },
    {
      "privacyCompliant": true,
      "countryOfOrigin": "Dominican Republic",
      "knownFlagshipLines": [
        "Classic",
        "Serie 5"
      ],
      "name": "Don Lucas Cigars",
      "reputationTier": "Legacy",
      "trustStatus": "Verified",
      "yearEstablished": 1992
    },
    {
      "privacyCompliant": true,
      "countryOfOrigin": "Dominican Republic",
      "knownFlagshipLines": [
        "Farce Maduro",
        "Farce Connecticut"
      ],
      "name": "Room101 Farce Series",
      "reputationTier": "Boutique",
      "trustStatus": "Verified",
      "yearEstablished": 2018
    },
    {
      "privacyCompliant": true,
      "countryOfOrigin": "Nicaragua",
      "knownFlagshipLines": [
        "Broadleaf",
        "Adobe"
      ],
      "name": "Drew Estate Nica Rustica",
      "reputationTier": "Global",
      "trustStatus": "Verified",
      "yearEstablished": 2013
    },
    {
      "privacyCompliant": true,
      "countryOfOrigin": "Honduras",
      "knownFlagshipLines": [
        "Maduro",
        "Habano"
      ],
      "name": "Zaya y Paola Cigars",
      "reputationTier": "Boutique",
      "trustStatus": "Verified",
      "yearEstablished": 2022
    },
    {
      "privacyCompliant": true,
      "countryOfOrigin": "Nicaragua",
      "knownFlagshipLines": [
        "Crook of the Crown",
        "Call to Arms"
      ],
      "name": "Stolen Throne Cigars",
      "reputationTier": "Boutique",
      "trustStatus": "Verified",
      "yearEstablished": 2019
    },
    {
      "privacyCompliant": true,
      "countryOfOrigin": "Honduras",
      "knownFlagshipLines": [
        "Sencillo Black Robusto",
        "Double Robusto"
      ],
      "name": "Sencillo Black by God of Fire",
      "reputationTier": "Ultra-Premium",
      "trustStatus": "Verified",
      "yearEstablished": 2010
    },
    {
      "privacyCompliant": true,
      "countryOfOrigin": "Dominican Republic",
      "knownFlagshipLines": [
        "Don Reynaldo Regalos",
        "Coronas de Luxe"
      ],
      "name": "Don Reynaldo by Warped",
      "reputationTier": "Ultra-Premium",
      "trustStatus": "Verified",
      "yearEstablished": 2014
    },
    {
      "privacyCompliant": true,
      "countryOfOrigin": "Honduras",
      "knownFlagshipLines": [
        "White Series Toro",
        "Diplomate"
      ],
      "name": "Cavalier Gen\u00e8ve White Series",
      "reputationTier": "Boutique",
      "trustStatus": "Verified",
      "yearEstablished": 2016
    },
    {
      "privacyCompliant": true,
      "countryOfOrigin": "Nicaragua",
      "knownFlagshipLines": [
        "OneOff Corona",
        "OneOff Robusto"
      ],
      "name": "Illusione OneOff",
      "reputationTier": "Boutique",
      "trustStatus": "Verified",
      "yearEstablished": 2018
    },
    {
      "privacyCompliant": true,
      "countryOfOrigin": "Dominican Republic",
      "knownFlagshipLines": [
        "Timeless Prestige",
        "Timeless Supreme"
      ],
      "name": "Ferio Tego Timeless",
      "reputationTier": "Global",
      "trustStatus": "Verified",
      "yearEstablished": 2021
    },
    {
      "privacyCompliant": true,
      "countryOfOrigin": "Dominican Republic",
      "knownFlagshipLines": [
        "Andalusian Bull"
      ],
      "name": "La Flor Dominicana Andalusian Bull",
      "reputationTier": "Ultra-Premium",
      "trustStatus": "Verified",
      "yearEstablished": 2016
    },
    {
      "privacyCompliant": true,
      "countryOfOrigin": "Honduras",
      "knownFlagshipLines": [
        "Corojo #5 Gran Robusto",
        "Imperiales"
      ],
      "name": "Gran Habano Corojo #5",
      "reputationTier": "Global",
      "trustStatus": "Verified",
      "yearEstablished": 2003
    },
    {
      "privacyCompliant": true,
      "countryOfOrigin": "Dominican Republic",
      "knownFlagshipLines": [
        "Mr. Red Robusto",
        "Mr. Red Maduro"
      ],
      "name": "Sinistro Mr. Red",
      "reputationTier": "Boutique",
      "trustStatus": "Verified",
      "yearEstablished": 2017
    },
    {
      "privacyCompliant": true,
      "countryOfOrigin": "Dominican Republic",
      "knownFlagshipLines": [
        "Chinchalle Habano",
        "Chinchalle Maduro"
      ],
      "name": "Chinchalle Cigars",
      "reputationTier": "Boutique",
      "trustStatus": "Verified",
      "yearEstablished": 2021
    },
    {
      "privacyCompliant": true,
      "countryOfOrigin": "Dominican Republic",
      "knownFlagshipLines": [
        "Montosa Maduro",
        "Montosa Natural"
      ],
      "name": "Montosa Cigars",
      "reputationTier": "Global",
      "trustStatus": "Verified",
      "yearEstablished": 2020
    },
    {
      "privacyCompliant": true,
      "countryOfOrigin": "Nicaragua",
      "knownFlagshipLines": [
        "Reserva Especial",
        "Do\u00f1a Nieves Sentimiento"
      ],
      "name": "El Galan Cigars",
      "reputationTier": "Boutique",
      "trustStatus": "Verified",
      "yearEstablished": 2012
    },
    {
      "privacyCompliant": true,
      "countryOfOrigin": "Nicaragua",
      "knownFlagshipLines": [
        "La Sirena Original",
        "LTZ"
      ],
      "name": "La Sirena Original Series",
      "reputationTier": "Global",
      "trustStatus": "Verified",
      "yearEstablished": 2009
    },
    {
      "privacyCompliant": true,
      "countryOfOrigin": "Dominican Republic",
      "knownFlagshipLines": [
        "Master Mason",
        "Veiled Prophet"
      ],
      "name": "Hiram & Solomon Cigars",
      "reputationTier": "Boutique",
      "trustStatus": "Verified",
      "yearEstablished": 2015
    },
    {
      "privacyCompliant": true,
      "countryOfOrigin": "Nicaragua",
      "knownFlagshipLines": [
        "Defcon",
        "White Label"
      ],
      "name": "Arandoza Cigars",
      "reputationTier": "Boutique",
      "trustStatus": "Verified",
      "yearEstablished": 2011
    },
    {
      "privacyCompliant": true,
      "countryOfOrigin": "Honduras",
      "knownFlagshipLines": [
        "Habano",
        "Connecticut"
      ],
      "name": "La Estrella Cubana",
      "reputationTier": "Global",
      "trustStatus": "Verified",
      "yearEstablished": 2010
    },
    {
      "privacyCompliant": true,
      "countryOfOrigin": "Dominican Republic",
      "knownFlagshipLines": [
        "A. Flores Serie Privada",
        "PDR 1878"
      ],
      "name": "PDR Cigars",
      "reputationTier": "Global",
      "trustStatus": "Verified",
      "yearEstablished": 2004
    },
    {
      "privacyCompliant": true,
      "countryOfOrigin": "Dominican Republic",
      "knownFlagshipLines": [
        "Cabinet Selection No. 1",
        "No. 4"
      ],
      "name": "Cabinet Selection by Casdagli",
      "reputationTier": "Ultra-Premium",
      "trustStatus": "Verified",
      "yearEstablished": 2021
    },
    {
      "privacyCompliant": true,
      "countryOfOrigin": "Dominican Republic",
      "knownFlagshipLines": [
        "Perfection Line",
        "Box Pressed Toro"
      ],
      "name": "La Instructora Cigars",
      "reputationTier": "Boutique",
      "trustStatus": "Verified",
      "yearEstablished": 2016
    },
    {
      "privacyCompliant": true,
      "countryOfOrigin": "Costa Rica",
      "knownFlagshipLines": [
        "MBombay Classic",
        "Gaaja"
      ],
      "name": "M Bombay Tobak",
      "reputationTier": "Boutique",
      "trustStatus": "Verified",
      "yearEstablished": 2014
    },
    {
      "privacyCompliant": true,
      "countryOfOrigin": "Dominican Republic",
      "knownFlagshipLines": [
        "Gold Shadow",
        "Gold Exorcist"
      ],
      "name": "Gurkha Ghost Gold",
      "reputationTier": "Global",
      "trustStatus": "Verified",
      "yearEstablished": 2018
    },
    {
      "privacyCompliant": true,
      "countryOfOrigin": "Nicaragua",
      "knownFlagshipLines": [
        "AC Cigar Co.",
        "Original Blend"
      ],
      "name": "The American Caribbean Cigars",
      "reputationTier": "Boutique",
      "trustStatus": "Verified",
      "yearEstablished": 2011
    }
  ],
  "pipeTobaccoProfile": {
    "privacyCompliant": true
  },
  "exportMetadata": {
    "source": "Cigar Maestro",
    "exported": true,
    "verifiedOnly": true
  }
}