{
  "emotionalPairing": {
    "memoryTag": "first_cigar",
    "emotionTrigger": "nostalgia",
    "visualFlavorPath": "chocolate->cedar->spice",
    "timelineIndex": 1,
    "pairingContext": "graduation night"
  },
  "ritualFlows": {
    "eveningUnwind": {
      "pairing": "Earthy Maduro",
      "mood": "Relaxed",
      "music": "Jazz",
      "lightLevel": "Dim",
      "memoryPrompt": "Think of your most peaceful moment this month"
    },
    "celebrationToast": {
      "pairing": "Spicy Habano",
      "mood": "Upbeat",
      "music": "Latin",
      "lightLevel": "Bright",
      "memoryPrompt": "Celebrate a recent win"
    }
  },
  "emotionalMemorySystem": {
    "emotionalFlavorTriggers": [
      "Nostalgia",
      "Celebration",
      "Relaxation",
      "Reflection"
    ],
    "legacyMilestoneMarkers": [
      "First Smoke",
      "Wedding Night",
      "Promotion",
      "Anniversary"
    ],
    "ritualMemoryTags": [
      "Nightcap",
      "Solo Moment",
      "Group Gathering"
    ]
  },
  "ritualTracking": {
    "ritualID": "rt001",
    "geoTag": "29.4241,-98.4936",
    "userMemoryNote": "First cigar with my father",
    "legacyTimelineCluster": "familial-bond",
    "timestamp": "2025-07-03T21:00:00Z"
  },
  "exportMetadata": {
    "source": "Cigar Maestro",
    "exported": true,
    "verifiedOnly": true
  },
  "consciousCurationAI": {
    "enabled": true,
    "modes": [
      "reflective",
      "gifting",
      "archival"
    ],
    "curationTags": [
      "mentor",
      "romantic",
      "solo journey",
      "ritual remix"
    ],
    "interactivePrompts": [
      "What moment would you relive forever?",
      "Who deserves to share this memory with you?"
    ]
  },
  "alternateMemoryForks": {
    "enabled": true,
    "useCases": [
      "timeline remix",
      "story gifting",
      "alternate outcome pairing"
    ],
    "examples": [
      {
        "original": "Graduation night with Habano + Cognac",
        "forked": "Graduation night with Connecticut + Coffee in silence"
      }
    ]
  },
  "afterlifeCapsules": {
    "enabled": true,
    "preservationModes": [
      "timeline mirror",
      "flavor echo",
      "mentor echo"
    ],
    "sampleCapsule": {
      "title": "Final Toast with Arturo Fuente",
      "flavorMap": [
        "spice",
        "sweet cream"
      ],
      "audioOverlay": "Classical guitar"
    }
  },
  "legacyVaultMirror": {
    "enabled": true,
    "reflectionPrompts": [
      "What cigar moment defines your life?",
      "What would you pass to the next generation?",
      "Play your final mirror memory"
    ]
  },
  "brandNarrativeMemory": {
    "enabled": true,
    "personalityModels": [
      {
        "brand": "Padron",
        "tone": "serious, legacy-driven, earthy wisdom"
      },
      {
        "brand": "Drew Estate",
        "tone": "bold, urban, flavor-first, rebel energy"
      }
    ],
    "responseModes": [
      "educational",
      "emotional",
      "prestige-focused"
    ]
  },
  "culturalRitualArcs": {
    "enabled": true,
    "samples": [
      {
        "region": "Cuba",
        "arc": "Revolution, Resistance, Ritual"
      },
      {
        "region": "Nicaragua",
        "arc": "Heritage, Volcano, Family"
      },
      {
        "region": "Dominican Republic",
        "arc": "Craft, Story, Celebration"
      }
    ]
  },
  "languageEmotionTags": {
    "enabled": true,
    "map": {
      "es": [
        "recuerdo",
        "alegr\u00eda",
        "sabidur\u00eda"
      ],
      "fr": [
        "m\u00e9moire",
        "plaisir",
        "rituel"
      ],
      "zh": [
        "\u8bb0\u5fc6",
        "\u9999\u6c14",
        "\u4f20\u627f"
      ]
    }
  },
  "interfaithEmotionMap": {
    "enabled": true,
    "tags": {
      "Christian": [
        "grace",
        "communion",
        "light"
      ],
      "Muslim": [
        "submission",
        "peace",
        "reverence"
      ],
      "Jewish": [
        "remembrance",
        "blessing",
        "covenant"
      ],
      "Hindu": [
        "offering",
        "fire",
        "awakening"
      ],
      "Buddhist": [
        "stillness",
        "breath",
        "release"
      ]
    }
  },
  "ritualSanctificationTags": {
    "enabled": true,
    "exampleTags": [
      "sacred fire",
      "holy silence",
      "legacy prayer"
    ]
  },
  "archetypalEmotionMatrix": {
    "enabled": true,
    "categories": [
      "warrior",
      "sage",
      "lover",
      "guardian",
      "seeker"
    ],
    "linkedFlavors": {
      "sage": [
        "earth",
        "cedar",
        "pepper"
      ],
      "lover": [
        "chocolate",
        "cream",
        "fig"
      ],
      "guardian": [
        "oak",
        "smoke",
        "dark roast"
      ]
    }
  },
  "celestialNarrativeAnchors": {
    "enabled": true,
    "sampleNodes": [
      {
        "event": "First solo cigar",
        "anchor": "Moon in Cancer"
      },
      {
        "event": "Wedding toast",
        "anchor": "Venus-Jupiter alignment"
      }
    ]
  },
  "voiceEncodedRituals": {
    "enabled": true,
    "format": "aromatic + vocal + text composite",
    "examples": [
      {
        "title": "Final Smoke with Grandfather",
        "voice": "archived",
        "flavors": [
          "cedar",
          "pepper",
          "espresso"
        ]
      }
    ]
  },
  "ancestralLineageEchoes": {
    "enabled": true,
    "map": {
      "African Diaspora": "tobacco + kola + oral tradition",
      "Native American": "pipe + prairie sage + drum cadence",
      "Latin Caribbean": "maduro + caf\u00e9 + abuela's prayer"
    }
  }
}