{
  "globalFlavorAtlas": {
    "regionClusters": [
      {
        "region": "Nicaragua",
        "flavorNotes": [
          "earth",
          "cocoa",
          "pepper"
        ]
      },
      {
        "region": "Dominican Republic",
        "flavorNotes": [
          "cream",
          "nut",
          "cedar"
        ]
      },
      {
        "region": "Cuba",
        "flavorNotes": [
          "leather",
          "earth",
          "sweet spice"
        ]
      }
    ],
    "visualMapReady": true,
    "interactive": true
  },
  "flavorMap": {
    "description": "Centralized flavor taxonomy",
    "notes": [
      {
        "flavor": "Earthy",
        "commonIn": [
          "Nicaragua",
          "Honduras"
        ],
        "emotionalTrigger": "Nostalgia"
      },
      {
        "flavor": "Cocoa",
        "commonIn": [
          "Maduro wrappers"
        ],
        "emotionalTrigger": "Comfort"
      },
      {
        "flavor": "Pepper",
        "commonIn": [
          "Nicaragua"
        ],
        "emotionalTrigger": "Excitement"
      }
    ]
  },
  "flavorAtlas": {
    "flavorAtlasCoordinate": {
      "region": "Nicaragua",
      "wrapper": "Habano",
      "coordinates": [
        34.6,
        -86.2
      ]
    }
  },
  "flavorVisualization": {
    "privacyCompliant": true,
    "dataPoints": [
      "sweet",
      "spicy",
      "earthy",
      "nutty"
    ],
    "graphType": "radar",
    "timeSeriesEnabled": true
  },
  "exportMetadata": {
    "source": "Cigar Maestro",
    "exported": true,
    "verifiedOnly": true
  },
  "flavorByRegion": {
    "ritualCustoms": {
      "Cuba": [
        "Sunrise dry-pull with caf\u00e9",
        "Evening terrace toast"
      ],
      "Nicaragua": [
        "Volcanic Maduro ceremonies",
        "Family blending lore"
      ],
      "Italy": [
        "Fire-cured pipe rituals",
        "Espresso + dry-aged cigar tradition"
      ]
    }
  }
}