{
  "pairingEngineV3": {
    "privacyCompliant": true,
    "ceuLessons": [
      {
        "privacyCompliant": true,
        "focus": "Wrapper-to-Spirit Logic",
        "learningObjective": "Students will match bold maduro cigars with Mexican spirits like mezcal and spiced rum.",
        "lessonTitle": "Pairing San Andr\u00e9s Maduro with Spirits",
        "quizQuestions": [
          {
            "privacyCompliant": true,
            "answer": "Mezcal",
            "explanation": "The smoky, earthy notes of mezcal echo the dark cocoa and spice of San Andr\u00e9s wrappers.",
            "options": [
              "Scotch",
              "Gin",
              "Mezcal",
              "Vodka"
            ],
            "question": "Which spirit best complements a San Andr\u00e9s wrapper?"
          }
        ]
      }
    ],
    "filtersEnabled": true,
    "gptCommands": [
      {
        "privacyCompliant": true,
        "filters": {
          "privacyCompliant": true,
          "body": "Full",
          "origin": "Nicaragua",
          "wrapper": "Maduro"
        },
        "inputType": "coffee",
        "inputValue": "Espresso",
        "intent": "pairing.request",
        "outputMode": "tiered",
        "returnFields": [
          "cigar",
          "reasoning",
          "flavorNotes"
        ]
      }
    ],
    "inventorySyncOptions": [
      {
        "privacyCompliant": true,
        "autoPairResults": [
          {
            "privacyCompliant": true,
            "cigar": "Padron 1926 Maduro",
            "pairing": "Aged Nicaraguan dark rum",
            "reason": "Bold cocoa and spice mirror barrel-aged depth."
          },
          {
            "privacyCompliant": true,
            "cigar": "Arturo Fuente Hemingway",
            "pairing": "Caf\u00e9 au lait with vanilla biscotti",
            "reason": "Creamy, nutty notes enhance the Cameroon wrapper."
          },
          {
            "privacyCompliant": true,
            "cigar": "Casa Magna Colorado",
            "pairing": "Ruby Port",
            "reason": "Sweet fortified wine balances the cedar and pepper profile."
          }
        ],
        "inventorySync": [
          {
            "privacyCompliant": true,
            "cigar": "Padron 1926 Maduro",
            "stock": 12
          },
          {
            "privacyCompliant": true,
            "cigar": "Arturo Fuente Hemingway",
            "stock": 18
          },
          {
            "privacyCompliant": true,
            "cigar": "Casa Magna Colorado",
            "stock": 7
          }
        ],
        "outputMode": "pairedMenu",
        "preferredDrinks": [
          "Rum",
          "Coffee",
          "Port"
        ]
      }
    ],
    "outputModes": [
      "casual",
      "classic",
      "connoisseur"
    ],
    "reversePairingModels": [
      {
        "privacyCompliant": true,
        "category": "spirit",
        "input": "Single malt scotch",
        "outputCigars": [
          {
            "privacyCompliant": true,
            "body": "Full",
            "name": "Padron 1926 Maduro",
            "origin": "Nicaragua",
            "reason": "Bold cocoa and pepper depth balances smoky, aged scotch complexity.",
            "wrapper": "Nicaraguan Maduro"
          },
          {
            "privacyCompliant": true,
            "body": "Full",
            "name": "My Father Le Bijou 1922",
            "origin": "Nicaragua",
            "reason": "Dark spice and oily richness echo well with barrel-aged peat and oak notes.",
            "wrapper": "Nicaraguan Oscuro"
          }
        ]
      }
    ],
    "schemaVersion": "3.0"
  },
  "pairingLogic": {
    "privacyCompliant": true,
    "bridgeNotes": {
      "privacyCompliant": true,
      "example": "Cocoa in cigar links to dark chocolate in port",
      "type": "Flavor Synergy Explanation"
    },
    "contrastPairings": [
      "Bright Bourbon vs. Earthy Maduro"
    ],
    "emotionalPairingTags": [
      "celebratory",
      "meditative",
      "romantic"
    ],
    "enhancedSensoryFlags": {
      "privacyCompliant": true,
      "creamBridgeHint": true,
      "spiceRyeBridge": true,
      "tanninClashWarning": true
    },
    "flavorBridgeIngredients": [
      "cocoa",
      "leather",
      "cinnamon"
    ],
    "recommendedSpirits": [
      "rum",
      "mezcal",
      "sherry"
    ]
  },
  "pairingConductorEngine": {
    "engineVersion": "v3.0",
    "flavorMatrixLinked": true,
    "multisensoryMode": true,
    "emotionalAdaptation": true,
    "inputParameters": [
      "wrapperType",
      "fillerOrigin",
      "bodyStrength",
      "userMood"
    ],
    "output": {
      "recommendedPairings": [
        "bourbon",
        "espresso",
        "leather armchair"
      ],
      "flavorTrajectory": "earthy -> sweet -> pepper",
      "confidenceScore": 0.93
    }
  },
  "spiritsPairing": {
    "privacyCompliant": true,
    "cigarToBottleMatching": true,
    "costBasedSuggestions": true,
    "liveBottleDB": true,
    "trendingPairings": true,
    "userBottleReviews": true
  },
  "culinaryPairingModule": {
    "privacyCompliant": true,
    "$comment": "Autogenerated context for culinaryPairingModule",
    "aLaCarteAddOns": true,
    "aiSupport": {
      "privacyCompliant": true,
      "aLaCarteAddOns": true,
      "deduplication": true,
      "ecoDevNote": "This module is optimized for economic reuse and minimal cost overhead.",
      "edgeDeploymentReady": true,
      "examplePrompt": "Create a pairing menu using a Maduro cigar and French cuisine focusing on sauce-heavy dishes.",
      "gptRole": "CigarSommelierEventAI",
      "greenHostingCompatible": true,
      "lazyLoad": true,
      "modularization": "DRY_compliant",
      "promptIntent": "culinary_pairing",
      "scalingProfile": "costOptimized",
      "translationStatus": "complete_per_module"
    },
    "currentStatus": "planned",
    "deduplication": true,
    "ecoDevNote": "This module is optimized for economic reuse and minimal cost overhead.",
    "edgeDeploymentReady": true,
    "featureList": [
      "flavorToCuisineMatcher",
      "regionalCuisineToWrapperEngine",
      "eventPairingMenuGenerator",
      "terroirTechniqueCrossRef",
      "heatAcidBalanceSuggestor",
      "celebrityChefInspirationDecks",
      "ingredientToWrapperCompatibility"
    ],
    "greenHostingCompatible": true,
    "lazyLoad": true,
    "modularization": "DRY_compliant",
    "modulesIncluded": [
      "pairingMenuBuilder",
      "chefQuoteOverlay",
      "multisensoryPairingTemplates",
      "LoungeKitchenIntegrationTips"
    ],
    "plannedVersion": "v32.0",
    "regionalCuisineMapping": {
      "privacyCompliant": true,
      "enabled": true,
      "examples": [
        {
          "privacyCompliant": true,
          "cuisine": "Oaxacan",
          "wrapperMatch": "San Andr\u00e9s Maduro"
        },
        {
          "privacyCompliant": true,
          "cuisine": "Proven\u00e7al",
          "wrapperMatch": "Connecticut Shade"
        },
        {
          "privacyCompliant": true,
          "cuisine": "Toscano",
          "wrapperMatch": "Fire-Cured Kentucky"
        }
      ]
    },
    "scalingProfile": "costOptimized",
    "sourcesUsed": [
      "Cigar Aficionadou2019s World of Cigars",
      "The Flavor Bible",
      "Culinary Artistry",
      "The Impossible Collection of Cigars",
      "Salt, Fat, Acid, Heat",
      "Larousse Gastronomique"
    ],
    "translationStatus": "complete_per_module"
  },
  "exportMetadata": {
    "source": "Cigar Maestro",
    "exported": true,
    "verifiedOnly": true
  },
  "meditativePairings": [
    {
      "context": "morning prayer",
      "wrapper": "Connecticut",
      "pairing": "Herbal tea",
      "emotion": "lightness + gratitude"
    },
    {
      "context": "sunset reflection",
      "wrapper": "Cameroon",
      "pairing": "Red wine",
      "emotion": "closure + peace"
    }
  ],
  "faithFlavorResonance": {
    "Christian": [
      "bread",
      "wine",
      "cedar"
    ],
    "Jewish": [
      "fig",
      "myrrh",
      "pomegranate"
    ],
    "Hindu": [
      "clove",
      "cardamom",
      "ghee"
    ],
    "Muslim": [
      "dates",
      "honey",
      "rose"
    ],
    "Buddhist": [
      "tea",
      "sandalwood",
      "earth"
    ]
  },
  "zodiacFlavorChart": {
    "Aries": [
      "spice",
      "cedar",
      "Habano"
    ],
    "Cancer": [
      "cream",
      "vanilla",
      "Connecticut"
    ],
    "Capricorn": [
      "earth",
      "oak",
      "Broadleaf"
    ]
  },
  "ritualsByMoonPhase": [
    {
      "phase": "New Moon",
      "recommendedWrapper": "Connecticut",
      "emotion": "intention"
    },
    {
      "phase": "Full Moon",
      "recommendedWrapper": "Maduro",
      "emotion": "release"
    }
  ],
  "dimensionalFlavorTracers": [
    {
      "trigger": "echo of laughter",
      "suggestedWrapper": "Corojo"
    },
    {
      "trigger": "midnight silence",
      "suggestedWrapper": "Maduro"
    }
  ],
  "timeLoopPairings": {
    "loopNodes": [
      {
        "flavor": "fig + port",
        "period": "Winter 2021",
        "ritual": "legacy toast replay"
      }
    ]
  }
}